repeat,k,ari
1,2,0.4304144935492726
1,3,0.8554034046320386
1,4,0.8284297088937409
1,5,0.8305083569374623
1,6,0.824424283253164
1,7,0.8213945012713035
1,8,0.7240849807470833
1,9,0.6566899689937826
1,10,0.7265788460572786
2,2,0.11014958531455943
2,3,0.32316079377661033
2,4,0.5876651529075058
2,5,0.6252957875191903
2,6,0.6512006457286619
2,7,0.673614486430275
2,8,0.4214227520829444
2,9,0.4079880359036456
2,10,0.40398446925346365
3,2,0.7720997823854144
3,3,0.7909321900554138
3,4,0.5375668991010474
3,5,0.7474643597041456
3,6,0.8018566703746542
3,7,0.8139801683027713
3,8,0.6331164465159861
3,9,0.599987525186545
3,10,0.6782525905736977
4,2,0.12402048831758941
4,3,0.3687964095172386
4,4,0.7191557734867783
4,5,0.8331261408278199
4,6,0.8678737082760206
4,7,0.8632009036270586
4,8,0.7906027397904147
4,9,0.6724442029124005
4,10,0.7577641069906148
5,2,0.378909408604649
5,3,0.965160273170569
5,4,0.9515901391095056
5,5,0.8686095897635101
5,6,0.9050245333173565
5,7,0.9343438530261388
5,8,0.75636808656446
5,9,0.6955651285731469
5,10,0.6822133152881161
6,2,0.4042525710779961
6,3,0.8347619702698045
6,4,0.8038473787032169
6,5,0.6911405228038494
6,6,0.7205625916564441
6,7,0.7134602430467676
6,8,0.6005368774766758
6,9,0.5306583077260191
6,10,0.5347066947838404
7,2,0.5432432604425143
7,3,0.5885282485182317
7,4,0.6583968113788164
7,5,0.806111562140971
7,6,0.8661235177191574
7,7,0.8695297133053088
7,8,0.7467846500276866
7,9,0.748167140604574
7,10,0.7685654320054686
8,2,0.06284858553158974
8,3,0.45676057812396736
8,4,0.6656042923864144
8,5,0.7961098864737102
8,6,0.8642875747013569
8,7,0.8511824605752525
8,8,0.5998099152798896
8,9,0.5942552424993583
8,10,0.6113250366769507
9,2,0.07344715387708843
9,3,0.5028131017060966
9,4,0.6624513751742817
9,5,0.7616723640613305
9,6,0.825581268193678
9,7,0.8426181490452318
9,8,0.6764558087979886
9,9,0.8095056468427111
9,10,0.7197482464555663
10,2,0.30720953278116936
10,3,0.7055130312006309
10,4,0.7210655413884535
10,5,0.7271297453603062
10,6,0.6834379208912149
10,7,0.6932509230097272
10,8,0.6220711943626753
10,9,0.6439896791475449
10,10,0.6816097809475293
11,2,0.8824127248460211
11,3,0.8821220983851182
11,4,0.8932636065474661
11,5,0.8196785349754451
11,6,0.8772524090105704
11,7,0.8770520670501517
11,8,0.6785608219445984
11,9,0.6725282035544105
11,10,0.7129724413399972
12,2,0.5139162456110302
12,3,0.3113604350433447
12,4,0.6836744923040424
12,5,0.7877703438618329
12,6,0.8559542196319848
12,7,0.8716908617125083
12,8,0.7143059690911668
12,9,0.6893863436393771
12,10,0.6750598642727929
13,2,0.20566239864236086
13,3,0.41395680719997063
13,4,0.7061756657330509
13,5,0.6787313675010276
13,6,0.680471567541109
13,7,0.7017605681525555
13,8,0.41821969430834083
13,9,0.4637337508160137
13,10,0.5426471808451151
14,2,0.18591384254833637
14,3,0.5899062977227243
14,4,0.49155475894727385
14,5,0.6161084229468116
14,6,0.5232882890289362
14,7,0.5256438969764837
14,8,0.5206534403372806
14,9,0.5059255353802652
14,10,0.5819945750385526
15,2,0.06284858553158974
15,3,0.48709132553176115
15,4,0.5404317095720996
15,5,0.7042232348845793
15,6,0.7837771832808537
15,7,0.7868901271853332
15,8,0.6307435346003952
15,9,0.6309785721658769
15,10,0.7089186540346292
16,2,0.06284858553158974
16,3,0.3140536848072856
16,4,0.49204900108277955
16,5,0.5722770000248804
16,6,0.6330331656230133
16,7,0.6814901404722247
16,8,0.48931265922921097
16,9,0.4834210817320599
16,10,0.5862990768165142
17,2,0.5139162456110302
17,3,0.5217963225706391
17,4,0.6313771583061216
17,5,0.7336562051537452
17,6,0.7962498690033777
17,7,0.812453977304911
17,8,0.6418825404309327
17,9,0.7318642745709828
17,10,0.6373436034038198
18,2,0.8080650161849864
18,3,0.795811085477005
18,4,0.5475126792149363
18,5,0.7312189483596256
18,6,0.7756212775928508
18,7,0.8269361663614689
18,8,0.5990666038368799
18,9,0.6443866743891536
18,10,0.7406071204808493
19,2,0.30720953278116936
19,3,0.7975173618091895
19,4,0.8299477118134283
19,5,0.8141540791288391
19,6,0.839681188748096
19,7,0.8322111268548185
19,8,0.5658074392817245
19,9,0.5918764587983496
19,10,0.6698199710043632
20,2,0.4850885562017733
20,3,0.543947169390977
20,4,0.6748539610438642
20,5,0.689616882892795
20,6,0.7250844935831596
20,7,0.7936606789615764
20,8,0.6188203967226525
20,9,0.6175172306977464
20,10,0.5638634191427461
21,2,0.9599960816486464
21,3,0.9307001283330957
21,4,0.5998157107358578
21,5,0.9272110368654889
21,6,0.9289306947124972
21,7,0.6961266478072818
21,8,0.6823170304614375
21,9,0.6765281075977206
21,10,0.7376381617219313
22,2,0.4042525710779961
22,3,0.8081718779973144
22,4,0.8036503596334559
22,5,0.7122844407480085
22,6,0.7746438990882946
22,7,0.7663219900889813
22,8,0.6614215913185209
22,9,0.6002532783706238
22,10,0.6340944169460855
23,2,0.06284858553158974
23,3,0.41730841502332133
23,4,0.5662164434231912
23,5,0.7269764586880714
23,6,0.7815461744691781
23,7,0.7876801792199436
23,8,0.660183703198694
23,9,0.6249079800571984
23,10,0.7034044157419397
24,2,0.5139162456110302
24,3,0.513189790389277
24,4,0.7418593506031733
24,5,0.7530664180626045
24,6,0.7263077748926456
24,7,0.8032168712055033
24,8,0.5397703896007476
24,9,0.5438152083489285
24,10,0.6228215914312983
25,2,0.5138096559663675
25,3,0.32554425058659026
25,4,0.6460217981824486
25,5,0.7497841698051332
25,6,0.8296968672567008
25,7,0.8506842484348164
25,8,0.6915908670897772
25,9,0.791598637150585
25,10,0.7497104087373822
26,2,0.06284858553158974
26,3,0.3113604350433447
26,4,0.6369462640354338
26,5,0.7581038327887558
26,6,0.8247443005522482
26,7,0.8417307699513277
26,8,0.680945561336403
26,9,0.6406829853750419
26,10,0.7198844925286049
27,2,0.543336255159078
27,3,0.5453349974666759
27,4,0.6145004834375614
27,5,0.6802442680862263
27,6,0.7422550521329822
27,7,0.7665382486519774
27,8,0.6248452406181281
27,9,0.5948700948051362
27,10,0.6699672725206176
28,2,0.9208006335949313
28,3,0.9365670459309656
28,4,0.939662806508372
28,5,0.8749664576158762
28,6,0.8922969586330435
28,7,0.8887136186225477
28,8,0.6439458811440315
28,9,0.640693384998468
28,10,0.7237277169619315
29,2,0.2634458575437329
29,3,0.6559558567741725
29,4,0.5269682759892584
29,5,0.7392856896811891
29,6,0.736444040347158
29,7,0.5981561183775249
29,8,0.6254737464777107
29,9,0.6235440501988693
29,10,0.6804420318718543
30,2,0.378909408604649
30,3,0.8160133577581887
30,4,0.8046028743409834
30,5,0.7356970510736677
30,6,0.6447076239822354
30,7,0.6976852816311848
30,8,0.5746580093303871
30,9,0.5083809297832314
30,10,0.581510885173387
31,2,0.5139162456110302
31,3,0.5217963225706391
31,4,0.626410458432175
31,5,0.7416564883433662
31,6,0.8075379511102655
31,7,0.8240297414521489
31,8,0.6434853747977616
31,9,0.6029404133347307
31,10,0.606756716776079
32,2,0.4850885562017733
32,3,0.3140536848072856
32,4,0.49204900108277955
32,5,0.5722770000248804
32,6,0.6330331656230133
32,7,0.6659214304342072
32,8,0.4691539484093114
32,9,0.46230030824239965
32,10,0.5624889517412056
33,2,0.8080650161849864
33,3,0.7975173618091895
33,4,0.8180941846628752
33,5,0.7564182277320236
33,6,0.8232232926211219
33,7,0.8361308838245568
33,8,0.6537423225441269
33,9,0.6126103125830431
33,10,0.6952887485370397
34,2,0.8080650161849864
34,3,0.7975173618091895
34,4,0.8180941846628752
34,5,0.8116869155451203
34,6,0.8278186700785626
34,7,0.8410012016569813
34,8,0.6537423225441269
34,9,0.6363409223868954
34,10,0.7852409242851095
35,2,0.12089074452503272
35,3,0.5205887830138041
35,4,0.5875271190203522
35,5,0.6670288786697123
35,6,0.6136453787142091
35,7,0.6223095702792947
35,8,0.6767716984543445
35,9,0.7163064035767857
35,10,0.5868243043754962
36,2,0.4042525710779961
36,3,0.8914114784178355
36,4,0.8781738631252588
36,5,0.8633279101664018
36,6,0.7659256069019754
36,7,0.851375956086426
36,8,0.8476370135490335
36,9,0.8471274416508404
36,10,0.8416274934671341
37,2,0.3301457535887802
37,3,0.8291770958223944
37,4,0.8611509881822059
37,5,0.8090540341674963
37,6,0.8224796665871078
37,7,0.6243090922004186
37,8,0.7168904479020076
37,9,0.7248368152892308
37,10,0.6268857713271857
38,2,0.7720997823854144
38,3,0.8119507423873487
38,4,0.8303430497807565
38,5,0.7746356050791041
38,6,0.7938539122401185
38,7,0.8130306998974243
38,8,0.6510370644475129
38,9,0.6272882841520931
38,10,0.5522390565043257
39,2,0.9599960816486464
39,3,0.9241294960515124
39,4,0.9182811089340113
39,5,0.931274538156092
39,6,0.9333093492172269
39,7,0.9309927771309724
39,8,0.738409191295185
39,9,0.6648083100177232
39,10,0.7520505453542279
40,2,0.5139162456110302
40,3,0.5371755714464883
40,4,0.6840830750584576
40,5,0.8586190153418745
40,6,0.918720220219855
40,7,0.9194430462147504
40,8,0.6625946434959482
40,9,0.6584983572957169
40,10,0.81307617146013
41,2,0.378909408604649
41,3,0.8019126151650899
41,4,0.7810315394825287
41,5,0.7206476835189524
41,6,0.7296122173919724
41,7,0.7244975439117848
41,8,0.6193098466149786
41,9,0.5479855006851218
41,10,0.5740082041586597
42,2,0.5138096559663675
42,3,0.32554425058659026
42,4,0.6232438237148702
42,5,0.7341323343306752
42,6,0.8133549162600855
42,7,0.8366811039919926
42,8,0.6208829215515865
42,9,0.6626632299059949
42,10,0.776298834522327
43,2,0.3301457535887802
43,3,0.8974447334507192
43,4,0.6687869852559334
43,5,0.9459500278266842
43,6,0.907643940034104
43,7,0.9591346062252569
43,8,0.7638864845726991
43,9,0.9537435054012634
43,10,0.7804566501676513
44,2,0.4851933910944513
44,3,0.5167448983248091
44,4,0.6136083132151746
44,5,0.6965260152391923
44,6,0.7732092288781436
44,7,0.5946044403068143
44,8,0.66425503052227
44,9,0.6667117914664253
44,10,0.6464754675400202
45,2,0.06284858553158974
45,3,0.45676057812396736
45,4,0.6656042923864144
45,5,0.8475342809937491
45,6,0.9067587921677386
45,7,0.9035546879390903
45,8,0.7082411052975707
45,9,0.6298505607641935
45,10,0.7134682409962617
46,2,0.30720953278116936
46,3,0.7724518115646
46,4,0.7746661503497071
46,5,0.7081112436481455
46,6,0.7860120059032827
46,7,0.8017427551056989
46,8,0.5625578926882774
46,9,0.5836249531218701
46,10,0.6586293534067549
47,2,0.4304144935492726
47,3,0.48131805617729284
47,4,0.5324096206062292
47,5,0.6331033893063365
47,6,0.6786476147927211
47,7,0.7123330152371036
47,8,0.5563843652600654
47,9,0.5773621090517411
47,10,0.5880267372430963
48,2,0.30705761597864345
48,3,0.771126861933359
48,4,0.8006707529833448
48,5,0.7989843588340226
48,6,0.8228385646245299
48,7,0.8319448929345891
48,8,0.6501256904634172
48,9,0.5996062085753336
48,10,0.6780357827734005
49,2,0.2844752818733738
49,3,0.591149409806382
49,4,0.4195830519358303
49,5,0.5671707326385722
49,6,0.6326194203877918
49,7,0.6391099607994262
49,8,0.5706659421404078
49,9,0.4986064830674737
49,10,0.5675677439139768
50,2,0.2631919632692772
50,3,0.6242192981947449
50,4,0.523764966451644
50,5,0.6502443184144178
50,6,0.7114062362689594
50,7,0.7180658177265444
50,8,0.5357713739374654
50,9,0.5519581314229128
50,10,0.5857909035881699
51,2,0.22444941185092895
51,3,0.46004026113776886
51,4,0.6975495598370828
51,5,0.6576954831976171
51,6,0.670587355549081
51,7,0.6863243536562715
51,8,0.4432307256437283
51,9,0.5028365174503727
51,10,0.40440010340033394
52,2,0.06284858553158974
52,3,0.4606857307463448
52,4,0.33930773126667274
52,5,0.42074018288086645
52,6,0.48384935913212646
52,7,0.5040334844381363
52,8,0.4936423234541513
52,9,0.43442688954194836
52,10,0.503670307250016
53,2,0.573573917525319
53,3,0.5859131693334175
53,4,0.6884938935795438
53,5,0.7122893453742543
53,6,0.7755210056235528
53,7,0.8035804691280318
53,8,0.5314551243180647
53,9,0.5287362575027682
53,10,0.5881369509943923
54,2,0.4851933910944513
54,3,0.5412589446102518
54,4,0.635523718987891
54,5,0.7383410209745948
54,6,0.7846711376864229
54,7,0.8060089854677197
54,8,0.5724409060539931
54,9,0.6158112133728911
54,10,0.6993852315159943
55,2,0.4851933910944513
55,3,0.3021499807801848
55,4,0.5108505935223299
55,5,0.6976458454412617
55,6,0.728001339714421
55,7,0.751327731092437
55,8,0.5055864712644231
55,9,0.5035556217633845
55,10,0.6571998421041697
56,2,0.33048129231651246
56,3,0.8105844693316252
56,4,0.8230807927947285
56,5,0.6998245501678843
56,6,0.686694519452495
56,7,0.6808662740129711
56,8,0.48042076611460177
56,9,0.4621539491918505
56,10,0.5343613999244343
57,2,0.4851933910944513
57,3,0.5412589446102518
57,4,0.686829252216729
57,5,0.8081047224520571
57,6,0.8685968728227684
57,7,0.8790781075087925
57,8,0.8052704701295209
57,9,0.8379407010292402
57,10,0.8307005917331189
58,2,0.12080808080808081
58,3,0.5946545212946436
58,4,0.7015429564317402
58,5,0.9299833159983674
58,6,0.8552623600408112
58,7,0.9375760594729906
58,8,0.6965256023716943
58,9,0.6967167158532904
58,10,0.7900763358778626
59,2,0.12080808080808081
59,3,0.5704743963007364
59,4,0.6767199551954929
59,5,0.8382275328186375
59,6,0.9094051045007544
59,7,0.9101765846687762
59,8,0.6622498481495653
59,9,0.6044876102747613
59,10,0.6912280701754386
60,2,0.3301457535887802
60,3,0.8032948376136663
60,4,0.8186359896074242
60,5,0.7640748887565729
60,6,0.8197291497617704
60,7,0.8325172287579069
60,8,0.6668296157255029
60,9,0.6157185191368588
60,10,0.6220878534590076
61,2,0.06284858553158974
61,3,0.45676057812396736
61,4,0.43604863800558125
61,5,0.5065042916960518
61,6,0.5667394380819375
61,7,0.578112789136548
61,8,0.42795448348683535
61,9,0.4277900297785918
61,10,0.5211073079925539
62,2,0.13572710001895383
62,3,0.6118477886299372
62,4,0.7197746143572694
62,5,0.961261429040987
62,6,0.9584859243521289
62,7,0.9645110856475863
62,8,0.9101232638073354
62,9,0.9135367073435038
62,10,0.9293760120988165
63,2,0.5138096559663675
63,3,0.5897556959182851
63,4,0.6946314480205061
63,5,0.8505488657050946
63,6,0.9133035112712079
63,7,0.9142233098669685
63,8,0.6796259365976975
63,9,0.6769526048369698
63,10,0.7671840354767184
64,2,0.204007485704859
64,3,0.6896739782449592
64,4,0.7958748584966565
64,5,0.751944504294294
64,6,0.818363941360313
64,7,0.8529194214640918
64,8,0.713139086984694
64,9,0.7425062919713253
64,10,0.5620989810187137
65,2,0.5432432604425143
65,3,0.613605204110019
65,4,0.6805101700401812
65,5,0.917870562841127
65,6,0.6838860775594717
65,7,0.6807227852243732
65,8,0.7043334479140705
65,9,0.6231007668161656
65,10,0.7037296714947757
66,2,0.7026542224128787
66,3,0.7238035804053287
66,4,0.5013567318593565
66,5,0.4908201746343079
66,6,0.5621823869184639
66,7,0.589740553820652
66,8,0.5466782690228001
66,9,0.5655747398901654
66,10,0.5988180896570482
67,2,0.8824127248460211
67,3,0.9029492093054244
67,4,0.8822364401101689
67,5,0.8145094399782614
67,6,0.8308130367536181
67,7,0.8397981078166517
67,8,0.6107104397442835
67,9,0.6136337393635585
67,10,0.5998097252286446
68,2,0.2850914727680806
68,3,0.792659851094682
68,4,0.7976808142780949
68,5,0.7270137924453565
68,6,0.7916695225678725
68,7,0.8075801749271136
68,8,0.7146831913669318
68,9,0.7407157415992174
68,10,0.7447058909526838
69,2,0.378909408604649
69,3,0.8160133577581887
69,4,0.7833956031412798
69,5,0.7339734944072039
69,6,0.7435762697083467
69,7,0.7451249114412144
69,8,0.6129440110689663
69,9,0.589974554393834
69,10,0.6222580964923461
70,2,0.2850914727680806
70,3,0.5693575524815526
70,4,0.6805005471131284
70,5,0.6885947418943169
70,6,0.6764558673452806
70,7,0.7719538681316128
70,8,0.5298472450837727
70,9,0.6798860418778621
70,10,0.6343775808369041
71,2,0.07344715387708843
71,3,0.5342635321583092
71,4,0.7161260670618372
71,5,0.8752481222478228
71,6,0.9456430627004526
71,7,0.9437344417206273
71,8,0.6948876532396688
71,9,0.6876434816649676
71,10,0.5986758805325458
72,2,0.06284858553158974
72,3,0.45676057812396736
72,4,0.49204900108277955
72,5,0.587523940006192
72,6,0.6505029428715116
72,7,0.6999876930243268
72,8,0.4981835475915974
72,9,0.49269064583042954
72,10,0.5638709092746925
73,2,0.3301457535887802
73,3,0.8164175907671767
73,4,0.8403228703818885
73,5,0.7733864972942103
73,6,0.8409974864754175
73,7,0.8544712127398938
73,8,0.676319193413586
73,9,0.6395214684644506
73,10,0.7215911207121308
74,2,0.06284858553158974
74,3,0.20729037949633763
74,4,0.43962441945875624
74,5,0.5092903177175593
74,6,0.5526463010093529
74,7,0.5727264651168341
74,8,0.41994633683253
74,9,0.4137941366572354
74,10,0.4069939986696198
75,2,0.4851933910944513
75,3,0.5412589446102518
75,4,0.635523718987891
75,5,0.7505359393328385
75,6,0.8309093608510237
75,7,0.8480253173053378
75,8,0.7067569418431383
75,9,0.7400298745677396
75,10,0.7179972345535259
76,2,0.3538998750383622
76,3,0.7695674704241502
76,4,0.7689850361486297
76,5,0.7431137770128405
76,6,0.7647152918772557
76,7,0.7547494177419963
76,8,0.6564515675413148
76,9,0.6196688221881658
76,10,0.6993866272596612
77,2,0.3301457535887802
77,3,0.7245388673297742
77,4,0.7440803967852239
77,5,0.7205943293536692
77,6,0.7426884150152746
77,7,0.7530383245969089
77,8,0.6274143809530391
77,9,0.5867619534477214
77,10,0.6186015746687434
78,2,0.2236482808306714
78,3,0.7389827977681841
78,4,0.7596727849009591
78,5,0.7099742176372642
78,6,0.7738626958850134
78,7,0.7851084129331759
78,8,0.5511468777525582
78,9,0.48704007858713505
78,10,0.5781609521915746
79,2,0.3301457535887802
79,3,0.8164175907671767
79,4,0.8197921449292979
79,5,0.721907096793842
79,6,0.7527214103682407
79,7,0.765773942920781
79,8,0.5860463350679991
79,9,0.5413962465419382
79,10,0.6143952477715642
80,2,0.6691051698782006
80,3,0.7180171768900948
80,4,0.6022557681736425
80,5,0.7520434549536196
80,6,0.806365051253153
80,7,0.6045367575670175
80,8,0.6029863344636386
80,9,0.6199680474940891
80,10,0.6216295768959592
81,2,0.30720953278116936
81,3,0.8119507423873487
81,4,0.5542618471002471
81,5,0.7675158011207958
81,6,0.8229117706365636
81,7,0.6197048228481099
81,8,0.6050999996388661
81,9,0.6469504654818246
81,10,0.7284966342557966
82,2,0.5138096559663675
82,3,0.5897556959182851
82,4,0.6946314480205061
82,5,0.758748852517744
82,6,0.8416824146026705
82,7,0.9261839330223046
82,8,0.8299197777080626
82,9,0.7525093375597917
82,10,0.8539406223917968
83,2,0.30720953278116936
83,3,0.8115569004384432
83,4,0.8755302912500661
83,5,0.8068519250883857
83,6,0.8900992027244973
83,7,0.8957472561644159
83,8,0.6959376932977724
83,9,0.6919358131151948
83,10,0.7547615091703768
84,2,0.5138096559663675
84,3,0.32554425058659026
84,4,0.6232438237148702
84,5,0.7003810631741314
84,6,0.7519032314027488
84,7,0.7781966748222688
84,8,0.5475840357012639
84,9,0.4945729177120008
84,10,0.5703064513858584
85,2,0.20566239864236086
85,3,0.6230926328722998
85,4,0.5759484550937648
85,5,0.5525442397111251
85,6,0.5948890294181811
85,7,0.6130442915099876
85,8,0.41737307673090446
85,9,0.4551514881273179
85,10,0.5566382981759037
86,2,0.2433106829978667
86,3,0.6567025710641027
86,4,0.6871508174208857
86,5,0.5987673779138121
86,6,0.6507078480998
86,7,0.5510450602145027
86,8,0.6369760514920244
86,9,0.54726303877884
86,10,0.6505619246625628
87,2,0.543336255159078
87,3,0.5453349974666759
87,4,0.6540493559024049
87,5,0.8505242555571089
87,6,0.8603313894922613
87,7,0.8791681818353401
87,8,0.6197302755321566
87,9,0.6437565028574875
87,10,0.7315864554395975
88,2,0.8824145678101706
88,3,0.8700873722257709
88,4,0.8456868932919945
88,5,0.763037457118298
88,6,0.8190412231269785
88,7,0.815941630835479
88,8,0.6931550908025462
88,9,0.6371376636986981
88,10,0.7230687690473036
89,2,0.7721426378272603
89,3,0.7784699426612661
89,4,0.5638055306411351
89,5,0.7910825483594784
89,6,0.7984069126542601
89,7,0.6451998993532768
89,8,0.7384584485687468
89,9,0.6613966897634507
89,10,0.7124683259349663
90,2,0.4573948788216151
90,3,0.8768806183399009
90,4,0.8773259075517225
90,5,0.8719713570551195
90,6,0.7816129132855498
90,7,0.5963546381797332
90,8,0.6628181903440923
90,9,0.6913667861288672
90,10,0.836323935973516
91,2,0.45717386738651833
91,3,0.4936991765090171
91,4,0.645856182062347
91,5,0.6563971768509674
91,6,0.6817525430765061
91,7,0.744352370379003
91,8,0.5303210071303748
91,9,0.5274933147261559
91,10,0.6461654708823854
92,2,0.2631919632692772
92,3,0.6987924946769364
92,4,0.6131286483211302
92,5,0.7487246997982295
92,6,0.8306494026188646
92,7,0.8310642595085251
92,8,0.6913605280099763
92,9,0.7127626105498654
92,10,0.7005072355661645
93,2,0.8448387581811067
93,3,0.8032948376136663
93,4,0.8186359896074242
93,5,0.8053718841551573
93,6,0.8353463687498832
93,7,0.8488389922341781
93,8,0.6486663619918678
93,9,0.6241547039981018
93,10,0.7032797131484588
94,2,0.9599967086364498
94,3,0.9493495596651955
94,4,0.9476091329966589
94,5,0.9552167427197574
94,6,0.9519339620206394
94,7,0.877931493674632
94,8,0.7058911349317727
94,9,0.6372981899575374
94,10,0.7274471559626556
95,2,0.45727589503222427
95,3,0.5431173960858375
95,4,0.6389824589417588
95,5,0.7855069525332627
95,6,0.6745201540541406
95,7,0.6523471943993125
95,8,0.6499591741395937
95,9,0.6505243770224642
95,10,0.641583339756571
96,2,0.4304144935492726
96,3,0.8700873722257709
96,4,0.8302393734330921
96,5,0.8324909205072417
96,6,0.8265248726534861
96,7,0.8305018290746411
96,8,0.7068322824511545
96,9,0.6775441620376466
96,10,0.761562024002812
97,2,0.8080650161849864
97,3,0.8182949624818923
97,4,0.842046567553928
97,5,0.833388782633325
97,6,0.846868052604629
97,7,0.8606912731845412
97,8,0.6153046018535833
97,9,0.6395214684644506
97,10,0.7215911207121308
98,2,0.4042525710779961
98,3,0.904666922415063
98,4,0.8953212800979279
98,5,0.8296761803679715
98,6,0.8881140131079392
98,7,0.8842609090329381
98,8,0.685589690241351
98,9,0.6167972826420577
98,10,0.6934896403479092
99,2,0.4850885562017733
99,3,0.5164637596367609
99,4,0.6270879238971719
99,5,0.7443246984980217
99,6,0.7978413816626191
99,7,0.8146574953994301
99,8,0.5661520489607612
99,9,0.5811918067111248
99,10,0.666546743417546
100,2,0.2236482808306714
100,3,0.6647774878602388
100,4,0.6971627401834259
100,5,0.6423414398809982
100,6,0.5370728814384563
100,7,0.4504036717620103
100,8,0.5507873786262052
100,9,0.5889348303205696
100,10,0.6696890960868805
101,2,0.4850885562017733
101,3,0.543947169390977
101,4,0.6486093529837312
101,5,0.7853030400222071
101,6,0.8500020562488682
101,7,0.8522779412916728
101,8,0.7707848331325622
101,9,0.7716779563913322
101,10,0.7545805015698899
102,2,0.2035583528230497
102,3,0.47970692756638855
102,4,0.6086161725590399
102,5,0.6776823083400355
102,6,0.7303475311189844
102,7,0.7625658162809564
102,8,0.6494357763088258
102,9,0.649337682008927
102,10,0.6181014292577468
103,2,0.20566239864236086
103,3,0.4686550385554443
103,4,0.7161260670618372
103,5,0.6775310752753217
103,6,0.6892702210788172
103,7,0.7056255313042326
103,8,0.4095579890586743
103,9,0.47057950954682115
103,10,0.5931331079897589
104,2,0.8448387581811067
104,3,0.8217963119584561
104,4,0.574480612578346
104,5,0.7805920822854533
104,6,0.8369519637598103
104,7,0.8483696833424638
104,8,0.6739828548379984
104,9,0.6279039936442651
104,10,0.7084694815520561
105,2,0.3538998750383622
105,3,0.7445932050525371
105,4,0.7677340751348892
105,5,0.6953947942789733
105,6,0.7744829923443515
105,7,0.7858746452423647
105,8,0.7018845006242216
105,9,0.6721050629600619
105,10,0.7555214988489275
106,2,0.5139162456110302
106,3,0.5885370853610045
106,4,0.687454963769089
106,5,0.7901687753255066
106,6,0.8559540813743896
106,7,0.8739977090492554
106,8,0.7107788853580479
106,9,0.6847705553271284
106,10,0.7778291822318586
107,2,0.30720953278116936
107,3,0.7975173618091895
107,4,0.8180941846628752
107,5,0.7564182277320236
107,6,0.8292713343016898
107,7,0.8307528830668993
107,8,0.6537423225441269
107,9,0.6450621815547062
107,10,0.7263300360249189
108,2,0.5139162456110302
108,3,0.5371755714464883
108,4,0.6369462640354338
108,5,0.7581038327887558
108,6,0.8039543835321682
108,7,0.8565685102683908
108,8,0.6234147857901059
108,9,0.6698482490152285
108,10,0.7605077747458223
109,2,0.2426467888223846
109,3,0.576130804290517
109,4,0.6748409702780694
109,5,0.690026857637882
109,6,0.6444743775611255
109,7,0.7226615096828998
109,8,0.543375535405363
109,9,0.5125716237729696
109,10,0.5990426810620124
110,2,0.5137182562004227
110,3,0.5676242543022676
110,4,0.7147994800413363
110,5,0.6944423449503941
110,6,0.6861957165812346
110,7,0.5604402308527643
110,8,0.49200954160803
110,9,0.4898457065187627
110,10,0.5010444965330562
111,2,0.45727589503222427
111,3,0.30249753148237407
111,4,0.638819858292103
111,5,0.7347821437836602
111,6,0.7969224398170057
111,7,0.8130230304235188
111,8,0.5872918646555152
111,9,0.6269835618351399
111,10,0.6260334551047876
112,2,0.06284858553158974
112,3,0.45676057812396736
112,4,0.4433586435356119
112,5,0.5759154031167889
112,6,0.6086986394646612
112,7,0.6462736991989879
112,8,0.5689528276130501
112,9,0.5226374777496499
112,10,0.5947071047533999
113,2,0.9599960816486464
113,3,0.9241294960515124
113,4,0.9033760586016616
113,5,0.9146087815234629
113,6,0.9153088552681818
113,7,0.9194894144556619
113,8,0.7196693014385521
113,9,0.6748939300398009
113,10,0.7594520216123106
114,2,0.9599960816486464
114,3,0.9241294960515124
114,4,0.8942194248345315
114,5,0.8195380927534496
114,6,0.7132207849155887
114,7,0.684851705911418
114,8,0.8406949634525747
114,9,0.732852614015775
114,10,0.8307777070200419
115,2,0.20566239864236086
115,3,0.44029582710109555
115,4,0.7779345002352909
115,5,0.7386336713297934
115,6,0.7540950154851332
115,7,0.5584963314126531
115,8,0.47904646770967035
115,9,0.5288690364943496
115,10,0.6401760195317354
116,2,0.3301457535887802
116,3,0.8032948376136663
116,4,0.7985875952599698
116,5,0.7416564883433662
116,6,0.8075379511102655
116,7,0.8240297414521489
116,8,0.6583449257294132
116,9,0.6138921834242898
116,10,0.6911378020903529
117,2,0.9208006335949313
117,3,0.9365670459309656
117,4,0.9258891000678657
117,5,0.8288347068237687
117,6,0.8971027388346847
117,7,0.9005465683671158
117,8,0.6983067207715042
117,9,0.6657471117516133
117,10,0.7498825064832754
118,2,0.8080650161849864
118,3,0.7777234061513592
118,4,0.7728916708411481
118,5,0.7655956005561451
118,6,0.7821564115344461
118,7,0.5780788375136836
118,8,0.5603974692940903
118,9,0.5814600453400958
118,10,0.6585625889862817
119,2,0.45727589503222427
119,3,0.5212713684712973
119,4,0.6127829606760794
119,5,0.7244504694129298
119,6,0.7684244244206015
119,7,0.6110834664641333
119,8,0.5658277709449188
119,9,0.6075007903808193
119,10,0.6986680822971326
120,2,0.4851933910944513
120,3,0.3021499807801848
120,4,0.635523718987891
120,5,0.7060833381009767
120,6,0.7582865607804193
120,7,0.7813702942270973
120,8,0.6425587807925043
120,9,0.6390375941459263
120,10,0.7842044814130504
121,2,0.07205759804101049
121,3,0.4619000031463455
121,4,0.46141679898687055
121,5,0.4761901223844123
121,6,0.5826389296724543
121,7,0.6445525457267074
121,8,0.58785016944416
121,9,0.6869716988688822
121,10,0.6342166324283582
122,2,0.2850914727680806
122,3,0.8182949624818923
122,4,0.8653804741785889
122,5,0.8034740019494366
122,6,0.8723809560698055
122,7,0.8796565611013626
122,8,0.6789729088768819
122,9,0.7218948435626573
122,10,0.6762322452717171
123,2,0.10670516556862196
123,3,0.5536608213211491
123,4,0.6692470215036684
123,5,0.7909344406045526
123,6,0.856709848527598
123,7,0.8604828491294648
123,8,0.6083270146677324
123,9,0.5256626287113804
123,10,0.6075712367335061
124,2,0.5733734495489129
124,3,0.4104188803670661
124,4,0.5965252283633362
124,5,0.6883156204582311
124,6,0.733627012590081
124,7,0.7985136760307132
124,8,0.6299574467605843
124,9,0.590786060904615
124,10,0.7264895497184398
125,2,0.06284858553158974
125,3,0.45676057812396736
125,4,0.635523718987891
125,5,0.7505359393328385
125,6,0.8309093608510237
125,7,0.8480253173053378
125,8,0.6718547915570788
125,9,0.648154534257222
125,10,0.7371943709397523
126,2,0.30720953278116936
126,3,0.745090857689654
126,4,0.7465411313052118
126,5,0.7568235043943712
126,6,0.7135265635326329
126,7,0.7259905260926036
126,8,0.6573574843388144
126,9,0.6277738927819704
126,10,0.7082494290000405
127,2,0.5431645430176624
127,3,0.5922899480001564
127,4,0.6193036359981711
127,5,0.7328416338415378
127,6,0.6436815846302778
127,7,0.6575940051940851
127,8,0.7548633225084339
127,9,0.6880458392147005
127,10,0.7748772057485901
128,2,0.9208006335949313
128,3,0.8966545902909666
128,4,0.8791079140966074
128,5,0.8875454163170919
128,6,0.7960836272684618
128,7,0.8892241494405896
128,8,0.7059835250433009
128,9,0.6499085362825487
128,10,0.7354249903122787
129,2,0.9208006335949313
129,3,0.6866499472164349
129,4,0.5001112340891405
129,5,0.7434693113650216
129,6,0.657893713796991
129,7,0.7567073371023135
129,8,0.5571269027841926
129,9,0.5267054191476376
129,10,0.684845496155636
130,2,0.4849271883524868
130,3,0.6083804241854235
130,4,0.6023900034926609
130,5,0.5878276742102861
130,6,0.6235258474286389
130,7,0.6344160707148705
130,8,0.4578048120452795
130,9,0.46464670287462434
130,10,0.6049103491440317
131,2,0.06284858553158974
131,3,0.42765259119200544
131,4,0.4356779448262514
131,5,0.5503646816716657
131,6,0.5950373696070803
131,7,0.4626640300448694
131,8,0.49681677857783557
131,9,0.49083423039751073
131,10,0.5670782702809072
132,2,0.7720997823854144
132,3,0.7652271314556697
132,4,0.7863882176618257
132,5,0.8089171974522293
132,6,0.5662199889069655
132,7,0.5698333317291232
132,8,0.5411004706985989
132,9,0.6122648214434624
132,10,0.6923382969534775
133,2,0.8824145678101706
133,3,0.8891804467810407
133,4,0.8913170687293896
133,5,0.8970887759365458
133,6,0.6514416953098361
133,7,0.6731332219276533
133,8,0.6532810291788576
133,9,0.6513835409744152
133,10,0.7372549808409852
134,2,0.06284858553158974
134,3,0.27982619753914145
134,4,0.6489811945093973
134,5,0.7248808195836902
134,6,0.7896095823272049
134,7,0.8123078050882911
134,8,0.5886612761544262
134,9,0.6150719603894544
134,10,0.6376258773268233
135,2,0.20566239864236086
135,3,0.4607507333438724
135,4,0.7586535670494562
135,5,0.7388611795909726
135,6,0.7369472906116747
135,7,0.5363738615658545
135,8,0.4750917690672993
135,9,0.5248281562947098
135,10,0.4903592892283563
136,2,0.8448387581811067
136,3,0.8217963119584561
136,4,0.574480612578346
136,5,0.5648568004905539
136,6,0.6114967980192839
136,7,0.6478935502409265
136,8,0.5790766445789133
136,9,0.6235384225024886
136,10,0.630369108905723
137,2,0.06284858553158974
137,3,0.22590399550108556
137,4,0.4354163583471571
137,5,0.5933447468135276
137,6,0.6209525809720765
137,7,0.641732733917922
137,8,0.5090057853923619
137,9,0.4695120113331525
137,10,0.6097941492065285
138,2,0.12075296302627113
138,3,0.41931007377427904
138,4,0.5602586179290939
138,5,0.7219889272255694
138,6,0.776189401430059
138,7,0.7680838145800093
138,8,0.6654858399874366
138,9,0.6604609080132217
138,10,0.5169852503272498
139,2,0.8824200963560147
139,3,0.8530765787902795
139,4,0.8835389097878159
139,5,0.8158938896600039
139,6,0.8770036078941684
139,7,0.8902254038374537
139,8,0.6859121620742675
139,9,0.8351678596694386
139,10,0.8255252267451082
140,2,0.3301457535887802
140,3,0.7777234061513592
140,4,0.7954136776767945
140,5,0.8114264885653287
140,6,0.7799165136756983
140,7,0.7913414771734023
140,8,0.6503091285986063
140,9,0.6036388062313718
140,10,0.7668179791378844
141,2,0.06284858553158974
141,3,0.29391578071549246
141,4,0.6352679570005658
141,5,0.7443145002499258
141,6,0.7983461023376058
141,7,0.6126562782487728
141,8,0.5934178051926123
141,9,0.6144449743855447
141,10,0.6121620170000728
142,2,0.07344715387708843
142,3,0.344521005706523
142,4,0.5575707789729691
142,5,0.734600242109552
142,6,0.8163125930538947
142,7,0.7986160212633248
142,8,0.6525816104418369
142,9,0.7615105796294913
142,10,0.6767019126321724
143,2,0.06284858553158974
143,3,0.3021499807801848
143,4,0.6470262390373137
143,5,0.7533456314321915
143,6,0.8080715665834765
143,7,0.8244813602105678
143,8,0.5929461325754591
143,9,0.6322680669997501
143,10,0.7182691429904551
144,2,0.40386058650483714
144,3,0.7481443100394942
144,4,0.7595455594717466
144,5,0.7535864746353855
144,6,0.7927672556030407
144,7,0.8055566362496596
144,8,0.5782264798828372
144,9,0.7117540951638065
144,10,0.6936734628511233
145,2,0.07344715387708843
145,3,0.41577816362337483
145,4,0.35305158879472975
145,5,0.4232874459342585
145,6,0.4808471424497463
145,7,0.5122339560444066
145,8,0.39408629054160493
145,9,0.38915473326290184
145,10,0.4908095552869252
146,2,0.06284858553158974
146,3,0.42765259119200544
146,4,0.6265878789211248
146,5,0.8022965092585562
146,6,0.8597171208238978
146,7,0.8616816686960183
146,8,0.6251463155561395
146,9,0.6220138556482933
146,10,0.701490803227916
147,2,0.8448387581811067
147,3,0.7839172671573551
147,4,0.7765515231074894
147,5,0.7225995226750372
147,6,0.776433436759873
147,7,0.7685324229486882
147,8,0.5580933301870135
147,9,0.5525485081903276
147,10,0.5815839523450677
148,2,0.3538998750383622
148,3,0.8341749339290753
148,4,0.6136033234608542
148,5,0.8813068125105408
148,6,0.8471837924366338
148,7,0.8987795631117902
148,8,0.7077933974131929
148,9,0.7361896891488144
148,10,0.6112327085361392
149,2,0.18540348045081
149,3,0.3856392496809807
149,4,0.5107035654388676
149,5,0.7593917168274676
149,6,0.6804766035927272
149,7,0.735710222081687
149,8,0.6317217309078648
149,9,0.5917660868285989
149,10,0.6690623739503502
150,2,0.06284858553158974
150,3,0.29391578071549246
150,4,0.6127829606760794
150,5,0.7079167903078922
150,6,0.7713000244261817
150,7,0.7858001831427741
150,8,0.5503297344966648
150,9,0.5919133214001644
150,10,0.6158428057834537
151,2,0.4851933910944513
151,3,0.3021499807801848
151,4,0.6136083132151746
151,5,0.7129840640296873
151,6,0.7910547346896388
151,7,0.6047070369143521
151,8,0.5101128121227095
151,9,0.5215337834157345
151,10,0.5985143513940895
152,2,0.573573917525319
152,3,0.6186272687689245
152,4,0.8644992145639789
152,5,0.8311831363039862
152,6,0.7646803402566476
152,7,0.8751895724884207
152,8,0.6571004179029618
152,9,0.8685632812090364
152,10,0.865245859727864
153,2,0.06284858553158974
153,3,0.49934318708561604
153,4,0.6912499391162328
153,5,0.8152810835730542
153,6,0.8732276818453593
153,7,0.8187614018242919
153,8,0.6269729033523694
153,9,0.5707564284125888
153,10,0.6624959998874693
154,2,0.06284858553158974
154,3,0.4606857307463448
154,4,0.5048980672491395
154,5,0.6208860143225509
154,6,0.695462951683813
154,7,0.708612598622989
154,8,0.567255285687096
154,9,0.5345611323132883
154,10,0.5355333246719501
155,2,0.4851933910944513
155,3,0.5412589446102518
155,4,0.635523718987891
155,5,0.7505359393328385
155,6,0.8309093608510237
155,7,0.8480253173053378
155,8,0.6229761313424564
155,9,0.6150432364280731
155,10,0.7016212002570325
156,2,0.07344715387708843
156,3,0.4155174333032368
156,4,0.42518501678383697
156,5,0.5803127064840587
156,6,0.6353622761367034
156,7,0.6274914674179682
156,8,0.646470730498417
156,9,0.5413915890454446
156,10,0.5664353383352806
157,2,0.45727589503222427
157,3,0.5212713684712973
157,4,0.6127829606760794
157,5,0.7244504694129298
157,6,0.7888254105513476
157,7,0.8046193222116007
157,8,0.5790983535245526
157,9,0.6217033339867606
157,10,0.6999474409042825
158,2,0.30738307044027185
158,3,0.7059776303632154
158,4,0.7416857685882595
158,5,0.6321888614640256
158,6,0.6858276269851441
158,7,0.7125364103543396
158,8,0.6054420495274695
158,9,0.5640722094939162
158,10,0.6572023498098593
159,2,0.10663516509673068
159,3,0.4663386915698961
159,4,0.5533025257189454
159,5,0.7385230929927634
159,6,0.6693315802509091
159,7,0.6835622598872856
159,8,0.6114587261020952
159,9,0.5892340667547771
159,10,0.6831459235709562
160,2,0.543336255159078
160,3,0.5610359723027808
160,4,0.6674148084790457
160,5,0.9090212483432881
160,6,0.8365525159225001
160,7,0.8979295464918469
160,8,0.6450061134074699
160,9,0.6696075954826347
160,10,0.7600872410032715
161,2,0.13572710001895383
161,3,0.47630910899507156
161,4,0.5752029360675349
161,5,0.7297226174679793
161,6,0.8096842143293231
161,7,0.8071819993671692
161,8,0.7008259221199361
161,9,0.650093205032451
161,10,0.6577193618822057
162,2,0.5138096559663675
162,3,0.5261771799624045
162,4,0.4342798050732327
162,5,0.5109073540304494
162,6,0.5645824220712791
162,7,0.5911923714654181
162,8,0.48318898242017266
162,9,0.4656808085414121
162,10,0.4785547508216713
163,2,0.9599960816486464
163,3,0.9304326190596406
163,4,0.9013682718475119
163,5,0.8162778309779991
163,6,0.7310915773216197
163,7,0.8085063507799934
163,8,0.5352163754068947
163,9,0.5304678156045315
163,10,0.5597603941817514
164,2,0.06284858553158974
164,3,0.3021499807801848
164,4,0.5786083470320575
164,5,0.60865804878348
164,6,0.6688459341455901
164,7,0.6772130941642593
164,8,0.3887269388447982
164,9,0.40402906979783215
164,10,0.46915459181714414
165,2,0.12075296302627113
165,3,0.5179030661678041
165,4,0.6633242680005222
165,5,0.787947555187526
165,6,0.8696777606115691
165,7,0.7591415101163196
165,8,0.7118793843341944
165,9,0.740214846971542
165,10,0.7770799410715671
166,2,0.9599960816486464
166,3,0.9507056047792313
166,4,0.9493643681124856
166,5,0.8215652759834302
166,6,0.8555529319471927
166,7,0.850517338352998
166,8,0.6036776792396991
166,9,0.5968103615433624
166,10,0.7060822178092404
167,2,0.06284858553158974
167,3,0.48709132553176115
167,4,0.591350381920757
167,5,0.7231764799872173
167,6,0.7767290404295766
167,7,0.7897776472338461
167,8,0.581208409076356
167,9,0.6010035960544626
167,10,0.6925682594143102
168,2,0.10663516509673068
168,3,0.4047200871777779
168,4,0.5336569771951948
168,5,0.6613527976177149
168,6,0.622984677968824
168,7,0.6752286635476024
168,8,0.5724791643537156
168,9,0.5680342419358606
168,10,0.5856224135196321
169,2,0.06284858553158974
169,3,0.2664429015641088
169,4,0.44757928869634805
169,5,0.5964557048119483
169,6,0.6287264758660528
169,7,0.6506867181563517
169,8,0.514328170129728
169,9,0.48070319396101546
169,10,0.6225664775686595
170,2,0.2850914727680806
170,3,0.7164517213955591
170,4,0.7467709976977135
170,5,0.7511090336573122
170,6,0.7078846277181129
170,7,0.717017839221607
170,8,0.6447906031858242
170,9,0.6132848043676069
170,10,0.6736503885783421
171,2,0.10663516509673068
171,3,0.5479728054713278
171,4,0.6912499391162328
171,5,0.8643151932690538
171,6,0.9249508659261525
171,7,0.9223042892133594
171,8,0.6749090948259225
171,9,0.6012263624632865
171,10,0.6851082935114384
172,2,0.6691414645181857
172,3,0.6719607916165484
172,4,0.5952678898061509
172,5,0.7055421268964266
172,6,0.7825398099749982
172,7,0.8431030603759561
172,8,0.6683306690275096
172,9,0.6343778600463379
172,10,0.7213988924408058
173,2,0.07344715387708843
173,3,0.443572023012628
173,4,0.39962306402338627
173,5,0.5025289112480561
173,6,0.5910583470226854
173,7,0.5839122137147914
173,8,0.44482153638672783
173,9,0.4643151798973811
173,10,0.5731814454726485
174,2,0.3538998750383622
174,3,0.7445932050525371
174,4,0.7677340751348892
174,5,0.6953947942789733
174,6,0.7597352861216388
174,7,0.7706253618174886
174,8,0.6406200181642603
174,9,0.6010224478753438
174,10,0.6804467593541949
175,2,0.3301457535887802
175,3,0.8032948376136663
175,4,0.8186359896074242
175,5,0.7397761525842828
175,6,0.751847565891991
175,7,0.792774153693779
175,8,0.5885906595112014
175,9,0.5311912374691593
175,10,0.6603631027192747
176,2,0.06284858553158974
176,3,0.2664429015641088
176,4,0.49771956126232936
176,5,0.5685209778926562
176,6,0.617806707860783
176,7,0.6385343629842645
176,8,0.5106669913278016
176,9,0.4552012858371024
176,10,0.5203768872743785
177,2,0.30720953278116936
177,3,0.7975173618091895
177,4,0.8180941846628752
177,5,0.8002128334475949
177,6,0.8246927944614959
177,7,0.8377724435909746
177,8,0.638053854510147
177,9,0.5940733513017011
177,10,0.6722465502746613
178,2,0.06284858553158974
178,3,0.48709132553176115
178,4,0.686246593843534
178,5,0.8567561292047312
178,6,0.9161592012979197
178,7,0.8374294899725614
178,8,0.7516208586318444
178,9,0.7023805362323907
178,10,0.6998480514199702
179,2,0.06284858553158974
179,3,0.30129634161294344
179,4,0.4498660996939566
179,5,0.5217294413008211
179,6,0.5811082203369742
179,7,0.6122111665292608
179,8,0.4815162125737044
179,9,0.5414880972162611
179,10,0.5444869848234978
180,2,0.5734269261032657
180,3,0.5903937049760333
180,4,0.4029492491834857
180,5,0.5693098132925788
180,6,0.4788704086391654
180,7,0.46628862278830213
180,8,0.45619790698492285
180,9,0.46451395719478006
180,10,0.5447920462235177
181,2,0.5138096559663675
181,3,0.5643909847873373
181,4,0.5150526559597085
181,5,0.6187789613149417
181,6,0.47476654311182415
181,7,0.5422042298815785
181,8,0.5010828394724274
181,9,0.4959194603018562
181,10,0.5988180896570482
182,2,0.2426467888223846
182,3,0.6542233889657544
182,4,0.5810025284303963
182,5,0.6994330516834814
182,6,0.7693646062338994
182,7,0.7911908973694222
182,8,0.524435542928736
182,9,0.49231021476603437
182,10,0.5631918197740794
183,2,0.3543852647240511
183,3,0.8888017389438083
183,4,0.8541297330213657
183,5,0.7684385402680051
183,6,0.8027427425245005
183,7,0.6459955914768553
183,8,0.6182463620311388
183,9,0.6163291200615157
183,10,0.6967140142707184
184,2,0.7720997823854144
184,3,0.7652271314556697
184,4,0.7657803995838491
184,5,0.7052523463802242
184,6,0.7483387877632048
184,7,0.5855056162697025
184,8,0.5662067586350947
184,9,0.5595065698236052
184,10,0.5612320681702693
185,2,0.3301457535887802
185,3,0.8032948376136663
185,4,0.8424596042132437
185,5,0.8159412462606969
185,6,0.8427470423860753
185,7,0.8364291920402047
185,8,0.6254968570798897
185,9,0.5784049836244655
185,10,0.6604182270896172
186,2,0.9599960816486464
186,3,0.9241294960515124
186,4,0.9182811089340113
186,5,0.8475342809937491
186,6,0.9188897490479787
186,7,0.9160722965106421
186,8,0.6595995666308391
186,9,0.6537235980385282
186,10,0.7394669246422257
187,2,0.5138096559663675
187,3,0.5643909847873373
187,4,0.6672695285357356
187,5,0.9213581895313265
187,6,0.9192266939549294
187,7,0.920335500387375
187,8,0.6874928163576159
187,9,0.6889672982378612
187,10,0.7761053431929968
188,2,0.12402048831758941
188,3,0.444467227743375
188,4,0.5775912985883228
188,5,0.6318229902895538
188,6,0.6642550868553799
188,7,0.6708556454817654
188,8,0.5447007448987663
188,9,0.508812725373235
188,10,0.536519594798375
189,2,0.06284858553158974
189,3,0.48709132553176115
189,4,0.5226915291020241
189,5,0.618689404497821
189,6,0.6923566162734318
189,7,0.7083847522898231
189,8,0.6639132341920796
189,9,0.7143127879321276
189,10,0.7594101059954897
190,2,0.8448338943900694
190,3,0.8420501725442974
190,4,0.8049814032505588
190,5,0.7171397179614508
190,6,0.7828510667889998
190,7,0.7849206380180385
190,8,0.6727696657569491
190,9,0.6204723148108214
190,10,0.7056127603487151
191,2,0.4853143013999451
191,3,0.5497251906714395
191,4,0.6855682915139503
191,5,0.8039927709086606
191,6,0.8882454261974414
191,7,0.8962302619553143
191,8,0.7275266519938549
191,9,0.7426371015534288
191,10,0.7771406870407607
192,2,0.06284858553158974
192,3,0.41730841502332133
192,4,0.581001308391328
192,5,0.7548113082127464
192,6,0.8102291898825157
192,7,0.8068443684072049
192,8,0.6848479745449872
192,9,0.6348394921788749
192,10,0.7205312306556634
193,2,0.4851933910944513
193,3,0.5669035459739494
193,4,0.658787634165361
193,5,0.7712136426986925
193,6,0.852762115959658
193,7,0.8705526201419874
193,8,0.652027219467576
193,9,0.695972028259967
193,10,0.6930460988949659
194,2,0.07344715387708843
194,3,0.2362018710739619
194,4,0.5432090255513357
194,5,0.6121174782043031
194,6,0.6882748707445794
194,7,0.7855155581251867
194,8,0.7751075766401989
194,9,0.7767882682094401
194,10,0.7723731619437141
195,2,0.3301457535887802
195,3,0.8167716594142087
195,4,0.5962747692170475
195,5,0.6870406650372574
195,6,0.6715670760864795
195,7,0.6987917670154419
195,8,0.667555483115977
195,9,0.6081616314690231
195,10,0.6152113522036189
196,2,0.4573948788216151
196,3,0.5448051030172394
196,4,0.5964934810378971
196,5,0.6944975293320441
196,6,0.7414640995336982
196,7,0.7918842141902741
196,8,0.6291670099642727
196,9,0.6707327969924315
196,10,0.7698956907738455
197,2,0.2426467888223846
197,3,0.6054873779738709
197,4,0.5094290257008875
197,5,0.6340041345329459
197,6,0.7088884024624241
197,7,0.7422810333963453
197,8,0.6280073355663903
197,9,0.6066830268598514
197,10,0.4417002921942396
198,2,0.06284858553158974
198,3,0.3021499807801848
198,4,0.6136083132151746
198,5,0.7312189483596256
198,6,0.7961505458743756
198,7,0.8122073294560621
198,8,0.6489210706889043
198,9,0.6040140794993956
198,10,0.7351600453705619
199,2,0.5139162456110302
199,3,0.5217963225706391
199,4,0.6789087730101333
199,5,0.7995675379356028
199,6,0.8599123193350514
199,7,0.8713103579467995
199,8,0.6641037920801677
199,9,0.6355480322768471
199,10,0.7954740741275607
200,2,0.30720953278116936
200,3,0.8380138894473517
200,4,0.8429111361601599
200,5,0.7584304176628449
200,6,0.8228691423115336
200,7,0.8385896398141719
200,8,0.7935537258471596
200,9,0.8414574003077521
200,10,0.7365194436255461
201,2,0.543336255159078
201,3,0.6118477886299372
201,4,0.6915991095290436
201,5,0.724599182794215
201,6,0.7554390644662818
201,7,0.8258629896032917
201,8,0.6245443706111778
201,9,0.6651099676417943
201,10,0.623217642158314
202,2,0.9208006335949313
202,3,0.8966545902909666
202,4,0.856583745185268
202,5,0.862507980002064
202,6,0.7743843105938009
202,7,0.8653653155767999
202,8,0.640844057936821
202,9,0.6387428127110147
202,10,0.7256587921521788
203,2,0.30720953278116936
203,3,0.745090857689654
203,4,0.7465411313052118
203,5,0.7521653664018366
203,6,0.7135265635326329
203,7,0.7122458763295212
203,8,0.6425707095484745
203,9,0.6781765470150907
203,10,0.6793052559881939
204,2,0.06284858553158974
204,3,0.42765259119200544
204,4,0.48710359314636104
204,5,0.6827125724002748
204,6,0.7460883023798303
204,7,0.5429796179131546
204,8,0.5778152268857145
204,9,0.571840301513108
204,10,0.588962459654418
205,2,0.06284858553158974
205,3,0.42765259119200544
205,4,0.4931593459702693
205,5,0.6112962559308563
205,6,0.6704648899464662
205,7,0.5127667934214408
205,8,0.5964112656331683
205,9,0.6318201732214471
205,10,0.5439370454274473
206,2,0.07344715387708843
206,3,0.443572023012628
206,4,0.48128107854843344
206,5,0.6694948546945814
206,6,0.7502515876304137
206,7,0.7411478009090804
206,8,0.6241044368527582
206,9,0.617579648620969
206,10,0.6435017891141324
207,2,0.06284858553158974
207,3,0.42765259119200544
207,4,0.5210405607302545
207,5,0.6445481986388362
207,6,0.6850625831570527
207,7,0.718893111788171
207,8,0.5330873875951119
207,9,0.5817003623193324
207,10,0.6562386920622388
208,2,0.6363636363636364
208,3,0.4579001897973156
208,4,0.5241059303964496
208,5,0.6577575735671938
208,6,0.718121610794161
208,7,0.7243468587243969
208,8,0.42638103241570185
208,9,0.44415755699682724
208,10,0.554052932879781
209,2,0.4851933910944513
209,3,0.5167448983248091
209,4,0.6136083132151746
209,5,0.7772292137720235
209,6,0.8331839975494275
209,7,0.8382209121337759
209,8,0.6917113455768297
209,9,0.6931370191407019
209,10,0.6675189281325564
210,2,0.6364434029289197
210,3,0.6234906183461704
210,4,0.44540408974959866
210,5,0.6105800315389426
210,6,0.6757011040460058
210,7,0.5246380065102705
210,8,0.6709246293787724
210,9,0.6993656946524536
210,10,0.6648719731759878
211,2,0.45727589503222427
211,3,0.29391578071549246
211,4,0.6127829606760794
211,5,0.7244504694129298
211,6,0.7888254105513476
211,7,0.8046193222116007
211,8,0.5790983535245526
211,9,0.6079771099943324
211,10,0.6991001889331394
212,2,0.9599960816486464
212,3,0.8534966998474873
212,4,0.824487087934735
212,5,0.7687933478527708
212,6,0.7801563869218306
212,7,0.7799391498406757
212,8,0.48577775577764465
212,9,0.48196351183960856
212,10,0.5526254630958728
213,2,0.9599960816486464
213,3,0.9241294960515124
213,4,0.9182811089340113
213,5,0.8375786486515839
213,6,0.9058471114132761
213,7,0.9025458969449994
213,8,0.703992929599388
213,9,0.6949423921149681
213,10,0.7092786858583394
214,2,1.0
214,3,0.9380560550988262
214,4,0.9274974474585354
214,5,0.9171606423299833
214,6,0.8341834429257747
214,7,0.9230383966906128
214,8,0.7367051938523944
214,9,0.6682999265569131
214,10,0.7587719298245614
215,2,0.6364434029289197
215,3,0.42873659241299394
215,4,0.5304655970075794
215,5,0.6181250103321155
215,6,0.7054785116023616
215,7,0.7060319086707014
215,8,0.41512597872575974
215,9,0.44368467838225933
215,10,0.511151393179085
216,2,0.06284858553158974
216,3,0.39866654453203415
216,4,0.421284009865289
216,5,0.5327542792900417
216,6,0.5678616801249018
216,7,0.5869603158325191
216,8,0.5918996992508854
216,9,0.5380314182949093
216,10,0.549375873536074
217,2,0.6364434029289197
217,3,0.6915303081563359
217,4,0.5859230610360794
217,5,0.6969326237743587
217,6,0.6545311130886101
217,7,0.7018261569093295
217,8,0.5832764677829183
217,9,0.5766469183422624
217,10,0.5985232798731239
218,2,0.5139162456110302
218,3,0.513189790389277
218,4,0.6156051694776284
218,5,0.7393429063582119
218,6,0.7842295251652747
218,7,0.8360333188465173
218,8,0.6767852832507544
218,9,0.6358998694981611
218,10,0.7145316216180703
219,2,0.3301457535887802
219,3,0.7500224885071892
219,4,0.7457580816885044
219,5,0.6787687184329058
219,6,0.7423195894648302
219,7,0.748472004888542
219,8,0.6487731926283306
219,9,0.6046174457926439
219,10,0.6643962494410807
220,2,0.5138096559663675
220,3,0.5897556959182851
220,4,0.6917128883627469
220,5,0.8558908886722955
220,6,0.8628325601157943
220,7,0.8715928049186797
220,8,0.6286578894352645
220,9,0.5795259901422729
220,10,0.6618529619305121
221,2,0.9599960816486464
221,3,0.9241294960515124
221,4,0.9284721825071593
221,5,0.9350062761616151
221,6,0.861834837195473
221,7,0.9177023934776181
221,8,0.6807157714733238
221,9,0.7095413284548571
221,10,0.9147452812504506
222,2,0.5432432604425143
222,3,0.34914264166680065
222,4,0.542055818794336
222,5,0.62664615106123
222,6,0.6944469849457034
222,7,0.7218159790156324
222,8,0.609388022884338
222,9,0.5444868622573906
222,10,0.519243155310684
223,2,0.2850914727680806
223,3,0.8450015560195917
223,4,0.8437984415908011
223,5,0.7552655569271112
223,6,0.8146472180311732
223,7,0.8306414654130848
223,8,0.67957198287241
223,9,0.6270427230139083
223,10,0.7101042529451628
224,2,0.8824127248460211
224,3,0.8435438760384296
224,4,0.8347808159320301
224,5,0.8470617661912451
224,6,0.594342880095084
224,7,0.5898159707552847
224,8,0.5367785584739383
224,9,0.6132213459595579
224,10,0.6921969939238887
225,2,0.8080650161849864
225,3,0.8232650571775757
225,4,0.8599462995940998
225,5,0.8627598132495711
225,6,0.8663953507621373
225,7,0.6596422587861591
225,8,0.6289836433069763
225,9,0.6593648358454249
225,10,0.8267060339578288
226,2,0.9208031161549398
226,3,0.8822358190986842
226,4,0.8523235963951938
226,5,0.7294971504460166
226,6,0.7588780156599413
226,7,0.7533140635901525
226,8,0.5533539656088047
226,9,0.5469869936086972
226,10,0.6534406622792488
227,2,0.06284858553158974
227,3,0.41730841502332133
227,4,0.4623101496385137
227,5,0.5290639255745626
227,6,0.5836692200078806
227,7,0.6733166021523672
227,8,0.5676485276489152
227,9,0.5638256060554672
227,10,0.5645044880913174
228,2,0.07344715387708843
228,3,0.5028131017060966
228,4,0.5895054062192954
228,5,0.6251281010833414
228,6,0.6987776336423401
228,7,0.5565212143158911
228,8,0.4992984993359511
228,9,0.5164345729026467
228,10,0.565793084767027
229,2,0.30720953278116936
229,3,0.7614206629404143
229,4,0.7837596018361422
229,5,0.7012822009787317
229,6,0.7795646971591016
229,7,0.6485018461153137
229,8,0.7769071012935213
229,9,0.8131209442914381
229,10,0.8013647665196639
230,2,0.3301457535887802
230,3,0.7506489272985161
230,4,0.7658243907262898
230,5,0.6864741877270265
230,6,0.750096095522282
230,7,0.7548834278512917
230,8,0.5951893935337396
230,9,0.5854913925554368
230,10,0.681197260377644
231,2,0.07344715387708843
231,3,0.4725828959411656
231,4,0.5318026885368484
231,5,0.7156908831590278
231,6,0.7723967670523474
231,7,0.7641002126511324
231,8,0.7628323137154019
231,9,0.7587727187987532
231,10,0.6386833552313118
232,2,0.43006646348180516
232,3,0.6578859708801073
232,4,0.6828999327363494
232,5,0.6707666142750293
232,6,0.7064719020332336
232,7,0.6954226451100866
232,8,0.5603389253125397
232,9,0.4970960547396437
232,10,0.5794878416767476
233,2,0.04253544254334549
233,3,0.4806843119096713
233,4,0.43552583505862297
233,5,0.5581347054615935
233,6,0.6225703267480696
233,7,0.6355404322332991
233,8,0.5207551736657389
233,9,0.4832736705318868
233,10,0.6420722469968208
234,2,0.3538998750383622
234,3,0.7543786116716876
234,4,0.7645789605580838
234,5,0.657467207901452
234,6,0.7143092022701033
234,7,0.7180829339758025
234,8,0.6119596276697459
234,9,0.5688066861580516
234,10,0.6625558693685047
235,2,0.7720997823854144
235,3,0.8119507423873487
235,4,0.8413208524420016
235,5,0.7675158011207958
235,6,0.8097998336881336
235,7,0.8478006271959043
235,8,0.7571885350924539
235,9,0.7905189645085804
235,10,0.7907919761725338
236,2,0.07344715387708843
236,3,0.5067721434315428
236,4,0.38173235536068845
236,5,0.4820317936287724
236,6,0.5305324638122545
236,7,0.5581867013785272
236,8,0.5424237574249503
236,9,0.4716445694312405
236,10,0.40736905444928
237,2,0.9599960816486464
237,3,0.9241294960515124
237,4,0.9182811089340113
237,5,0.931274538156092
237,6,0.8364652479326806
237,7,0.9309927771309724
237,8,0.6810373770803493
237,9,0.6785926304593389
237,10,0.766756175974629
238,2,0.06284858553158974
238,3,0.48709132553176115
238,4,0.6203883761058311
238,5,0.675291103943537
238,6,0.7499376677470924
238,7,0.7901140740979518
238,8,0.5711694640954652
238,9,0.5623992685345897
238,10,0.6375244568015652
239,2,0.6363978263200962
239,3,0.6929356268797244
239,4,0.4957286536460407
239,5,0.47911863255848675
239,6,0.532527178652404
239,7,0.5779269172047905
239,8,0.5689584925123164
239,9,0.5977964118564743
239,10,0.6064976351089401
240,2,0.4851933910944513
240,3,0.3021499807801848
240,4,0.658787634165361
240,5,0.7594254270404994
240,6,0.8258329688285116
240,7,0.8406714824237247
240,8,0.6644842340622504
240,9,0.639479564324761
240,10,0.7270462121886273
241,2,0.9208006335949313
241,3,0.9365670459309656
241,4,0.939662806508372
241,5,0.946408670427533
241,6,0.8524413189858127
241,7,0.9406490387317479
241,8,0.7523231186202632
241,9,0.7047699847679773
241,10,0.7951905851410015
242,2,0.06284858553158974
242,3,0.3113604350433447
242,4,0.6737385135634089
242,5,0.8575571633685666
242,6,0.9175735019745166
242,7,0.9147020830477072
242,8,0.8127476119983102
242,9,0.7125266030159912
242,10,0.8070175438596491
243,2,0.30720953278116936
243,3,0.6957570832833615
243,4,0.722401012608601
243,5,0.691459390548889
243,6,0.7060701535308094
243,7,0.6946554992982598
243,8,0.5945969053945447
243,9,0.5605134747238373
243,10,0.5807762967595669
244,2,0.3538998750383622
244,3,0.7543786116716876
244,4,0.7645789605580838
244,5,0.7383639762700608
244,6,0.7594887569591453
244,7,0.7494696074383107
244,8,0.6416058208917346
244,9,0.6706512100804676
244,10,0.6883334577511147
245,2,1.0
245,3,1.0
245,4,1.0
245,5,1.0
245,6,0.9072080436038079
245,7,1.0
245,8,0.7746860001537056
245,9,0.8667894400356101
245,10,0.9773543427746927
246,2,0.4573948788216151
246,3,0.5270001449141712
246,4,0.5831923950633714
246,5,0.6755543421089983
246,6,0.7267565837996
246,7,0.7450331577908708
246,8,0.626085472425259
246,9,0.6083300050489446
246,10,0.5435600130627856
247,2,0.4851933910944513
247,3,0.533065094225668
247,4,0.5963591963637505
247,5,0.6862277115913161
247,6,0.7326988666431946
247,7,0.7562957396638077
247,8,0.5421784807822054
247,9,0.5774756728417697
247,10,0.5753301060156507
248,2,0.2844752818733738
248,3,0.5216671742951609
248,4,0.3774882039770281
248,5,0.5597649014303896
248,6,0.5634571176961698
248,7,0.5674198783121637
248,8,0.5865101646916935
248,9,0.503411755033045
248,10,0.6524381532239453
249,2,0.7369439308410987
249,3,0.7595893340938258
249,4,0.7648961469988786
249,5,0.6976790386940407
249,6,0.5812128061146861
249,7,0.590461010197556
249,8,0.5542362741188854
249,9,0.5751255310930862
249,10,0.6502802468055902
250,2,0.06284858553158974
250,3,0.40026754852023916
250,4,0.5628603167737798
250,5,0.677037930348165
250,6,0.7289383818603491
250,7,0.7387762664434804
250,8,0.6308693940731677
250,9,0.6449703604799943
250,10,0.4861447938615672
251,2,0.5138096559663675
251,3,0.32554425058659026
251,4,0.6683343235362288
251,5,0.7947283951607268
251,6,0.8511611336311747
251,7,0.8635950793640986
251,8,0.6198696157733937
251,9,0.6217418714357142
251,10,0.76062295712363
252,2,0.10659315954737873
252,3,0.45488488744567684
252,4,0.6076671886374078
252,5,0.665840832225095
252,6,0.6938202584366466
252,7,0.6496605245218733
252,8,0.5618840550626282
252,9,0.5060442913703737
252,10,0.5340226690737975
253,2,0.3301457535887802
253,3,0.8032948376136663
253,4,0.8186359896074242
253,5,0.7640748887565729
253,6,0.8460546876243543
253,7,0.8597515548376733
253,8,0.6820251851611753
253,9,0.6368975953471596
253,10,0.7189256184315523
254,2,0.4851933910944513
254,3,0.3021499807801848
254,4,0.635523718987891
254,5,0.7060833381009767
254,6,0.7582865607804193
254,7,0.8417975164235896
254,8,0.6425587807925043
254,9,0.7284503001831739
254,10,0.7347260515574496
255,2,0.8448338943900694
255,3,0.8420501725442974
255,4,0.8197329418065469
255,5,0.7529637569026876
255,6,0.5760149696035596
255,7,0.6116588101375556
255,8,0.7157439508911504
255,9,0.6075984699425121
255,10,0.6935515588936461
256,2,0.7026262626262626
256,3,0.7285727832003265
256,4,0.5805728652785133
256,5,0.7078453308730024
256,6,0.7394841339778518
256,7,0.5403465913428506
256,8,0.48849839434141634
256,9,0.44493250238888504
256,10,0.5403570338724443
257,2,0.8824200963560147
257,3,0.8530765787902795
257,4,0.6318101398908949
257,5,0.9019897785988756
257,6,0.861834837195473
257,7,0.9177023934776181
257,8,0.6683257103590244
257,9,0.6970384532408889
257,10,0.8916974683041214
258,2,0.06284858553158974
258,3,0.3113604350433447
258,4,0.6836744923040424
258,5,0.7997102880125596
258,6,0.8476573546977344
258,7,0.9019557453231223
258,8,0.6446996221064095
258,9,0.6054811759359597
258,10,0.6559516922186868
259,2,0.06284858553158974
259,3,0.4606857307463448
259,4,0.6530611374231386
259,5,0.7246693415242066
259,6,0.7887137057336755
259,7,0.8075683574582536
259,8,0.5935674230097606
259,9,0.5141954615327792
259,10,0.5930433579973723
260,2,0.12080808080808081
260,3,0.4827944981788203
260,4,0.5769231646910703
260,5,0.7097850627133959
260,6,0.7342623626798522
260,7,0.7397852916695982
260,8,0.6387760686826396
260,9,0.6018519340548123
260,10,0.6865621699622515
261,2,0.4851933910944513
261,3,0.5412589446102518
261,4,0.6826499506455778
261,5,0.8005424025189666
261,6,0.8691489400225237
261,7,0.8796565611013626
261,8,0.6789729088768819
261,9,0.6471148587495127
261,10,0.7462123404994364
262,2,0.3538998750383622
262,3,0.8217963119584561
262,4,0.8403941780149026
262,5,0.7805920822854533
262,6,0.8237651059786962
262,7,0.8625647264608965
262,8,0.7023292582285657
262,9,0.6744911275697846
262,10,0.7575578144017895
263,2,0.7369480537608971
263,3,0.7597777476200058
263,4,0.799381523694183
263,5,0.7346212401525418
263,6,0.7997268520871058
263,7,0.5959306461214618
263,8,0.572962528344171
263,9,0.6169402161267938
263,10,0.6960135702596209
264,2,0.7370098820529168
264,3,0.7250686249429107
264,4,0.6159799144652389
264,5,0.7657463982400456
264,6,0.8489506513947501
264,7,0.8891234696390495
264,8,0.6433227957609722
264,9,0.6238688669664527
264,10,0.8183151741822783
265,2,0.30720953278116936
265,3,0.7869670611721089
265,4,0.5288868663800005
265,5,0.7552966967728509
265,6,0.8205400485078601
265,7,0.8266851437564268
265,8,0.7507484111945762
265,9,0.7819667686693195
265,10,0.7845609250097927
266,2,0.9208031161549398
266,3,0.8822358190986842
266,4,0.8523235963951938
266,5,0.8491733818505708
266,6,0.7573857429182353
266,7,0.846509636529941
266,8,0.672507577501695
266,9,0.6684871316055049
266,10,0.7288769680693916
267,2,0.4851933910944513
267,3,0.5167448983248091
267,4,0.6136083132151746
267,5,0.7312189483596256
267,6,0.7756212775928508
267,7,0.8269361663614689
267,8,0.6658405371617282
267,9,0.6240174146882937
267,10,0.751602051194515
268,2,0.9208006335949313
268,3,0.8966545902909666
268,4,0.8791079140966074
268,5,0.7695454015345483
268,6,0.7708266175057829
268,7,0.8026237845123335
268,8,0.5436031354561871
268,9,0.5357334232625692
268,10,0.606430155210643
269,2,0.9599960816486464
269,3,0.8534966998474873
269,4,0.8468861461547319
269,5,0.862565440612286
269,6,0.7873547674549164
269,7,0.8514168804892109
269,8,0.644497996646943
269,9,0.8374427164586583
269,10,0.8116917038459366
270,2,0.45727589503222427
270,3,0.54631234976863
270,4,0.6352679570005658
270,5,0.7716308055456794
270,6,0.8270858397053503
270,7,0.62966638674708
270,8,0.6182382390665729
270,9,0.6158112133728911
270,10,0.6142351793120273
271,2,0.43028068614452614
271,3,0.47218946341858586
271,4,0.5276289788969317
271,5,0.661997141078583
271,6,0.6918647954576936
271,7,0.7169414688287133
271,8,0.5231240897422094
271,9,0.5229322150627096
271,10,0.5842644304118606
272,2,0.06284858553158974
272,3,0.4606857307463448
272,4,0.5148089785653632
272,5,0.6123157462346174
272,6,0.6864939941845578
272,7,0.688516915769402
272,8,0.651212280278633
272,9,0.6670702179176755
272,10,0.6307623452185589
273,2,0.06284858553158974
273,3,0.2789739208498387
273,4,0.3003060038201064
273,5,0.36405179064818577
273,6,0.46225300089918997
273,7,0.44858330502154176
273,8,0.47345327950589144
273,9,0.3683856831252645
273,10,0.42997648957333445
274,2,0.5139162456110302
274,3,0.5217963225706391
274,4,0.626410458432175
274,5,0.7294207273216882
274,6,0.7830374230943646
274,7,0.7966987358308272
274,8,0.6173785982229075
274,9,0.5740101818340457
274,10,0.6481969369911376
275,2,0.8824200963560147
275,3,0.8530765787902795
275,4,0.6318101398908949
275,5,0.8774245037856302
275,6,0.8365525159225001
275,7,0.8979295464918469
275,8,0.7148172098999757
275,9,0.7411955225862286
275,10,0.7767478963121929
276,2,0.4851933910944513
276,3,0.3111044295268556
276,4,0.6291007625418006
276,5,0.6957451879490896
276,6,0.7556129910173405
276,7,0.8362790308661453
276,8,0.630946296189354
276,9,0.5989986495967964
276,10,0.6759503274907595
277,2,0.9208006335949313
277,3,0.9161377954042267
277,4,0.8791624124308922
277,5,0.8228328060000446
277,6,0.8379858649165033
277,7,0.8431991220248303
277,8,0.6437320084242536
277,9,0.6152096265401542
277,10,0.698678461188984
278,2,0.22291854230034322
278,3,0.6205031610459046
278,4,0.6723957265701741
278,5,0.6151068377116142
278,6,0.6747544323983123
278,7,0.6969716293514095
278,8,0.5653829468292253
278,9,0.5211604011523809
278,10,0.5591182364729459
279,2,0.24253998287130416
279,3,0.6301158737457997
279,4,0.43406464025010394
279,5,0.5930436689006382
279,6,0.6267204755660495
279,7,0.6588354969348801
279,8,0.6249514685272465
279,9,0.5520058302120231
279,10,0.6254811013520182
280,2,0.4850885562017733
280,3,0.5402718755695844
280,4,0.6481876332622601
280,5,0.8105063259122574
280,6,0.8791557416580005
280,7,0.6664983477311119
280,8,0.8558728506544911
280,9,0.8476977228843829
280,10,0.8428212162780064
281,2,0.3301457535887802
281,3,0.8974447334507192
281,4,0.9114213528981793
281,5,0.9197858919936134
281,6,0.8798784224032808
281,7,0.9302399770413294
281,8,0.7522969563580499
281,9,0.7475463165482696
281,10,0.9001067949174337
282,2,0.9208006335949313
282,3,0.923985607734678
282,4,0.900733986938197
282,5,0.8941657209548178
282,6,0.890147288404424
282,7,0.8903486246706622
282,8,0.6627560999743138
282,9,0.6598027983619345
282,10,0.7566264406595754
283,2,0.6045048763898703
283,3,0.4152535630284351
283,4,0.6201285845355028
283,5,0.7390667424300402
283,6,0.8177085738604433
283,7,0.8672448264948541
283,8,0.6840479248890958
283,9,0.6482705492101125
283,10,0.731919129509491
284,2,0.7369439308410987
284,3,0.7400668735750047
284,4,0.7636993175932704
284,5,0.7028142080307392
284,6,0.5757628828853767
284,7,0.5827724504493763
284,8,0.5608009713141073
284,9,0.5537102155536696
284,10,0.6295754026354319
285,2,0.2850914727680806
285,3,0.8182949624818923
285,4,0.842046567553928
285,5,0.7762721198555625
285,6,0.8441767797412976
285,7,0.8577795923922289
285,8,0.676319193413586
285,9,0.8804140432376101
285,10,0.8606142817031859
286,2,0.5138096559663675
286,3,0.32554425058659026
286,4,0.6683343235362288
286,5,0.781649108620512
286,6,0.8373758889819403
286,7,0.6267706861940778
286,8,0.6685690337166452
286,9,0.6924804460621079
286,10,0.7212125707786267
287,2,0.04253544254334549
287,3,0.3266184653281985
287,4,0.5512915231149803
287,5,0.6826028000425318
287,6,0.751501692987157
287,7,0.7492738449704573
287,8,0.5607332309350007
287,9,0.5064674143522581
287,10,0.5754935736054061
288,2,0.3301457535887802
288,3,0.8291770958223944
288,4,0.8611509881822059
288,5,0.8031767751552207
288,6,0.7786587762084191
288,7,0.8064598172088863
288,8,0.5908794688666826
288,9,0.7388022631808905
288,10,0.7133268713765797
289,2,0.06284858553158974
289,3,0.32468942707656057
289,4,0.47506143638045817
289,5,0.5379497657233445
289,6,0.5953649005090759
289,7,0.6154070275624963
289,8,0.4639175195876579
289,9,0.4518395370809071
289,10,0.4919999424973405
290,2,0.4573948788216151
290,3,0.9031851965555304
290,4,0.877214450052142
290,5,0.8718145843280382
290,6,0.7742744850549055
290,7,0.8677536537316762
290,8,0.699976456955467
290,9,0.6965091398094854
290,10,0.7176502935740862
291,2,0.4851933910944513
291,3,0.5167448983248091
291,4,0.6605344353828407
291,5,0.7811192279890623
291,6,0.8486030369944193
291,7,0.8588486463231839
291,8,0.7774556390820104
291,9,0.8307752476493143
291,10,0.8231738683127572
292,2,0.22291854230034322
292,3,0.6432685199511751
292,4,0.5361138682865245
292,5,0.6871248814450408
292,6,0.7570230080480481
292,7,0.567635705459078
292,8,0.5889212976223364
292,9,0.5965811546304297
292,10,0.6584266163248718
293,2,0.9208006335949313
293,3,0.9161377954042267
293,4,0.9018806264354415
293,5,0.9086369785648384
293,6,0.8179850086074694
293,7,0.8373948230616008
293,8,0.7096422665268913
293,9,0.6713667601946384
293,10,0.6819239216603636
294,2,0.6691414645181857
294,3,0.6719607916165484
294,4,0.5952678898061509
294,5,0.7239881442922387
294,6,0.8024180219430365
294,7,0.8371786164011565
294,8,0.5773990809767563
294,9,0.5403421843292198
294,10,0.6173281139090162
295,2,0.06284858553158974
295,3,0.27982619753914145
295,4,0.6265878789211248
295,5,0.7538849254992729
295,6,0.8347754147273639
295,7,0.848025744457686
295,8,0.6108263505742295
295,9,0.6057410475340894
295,10,0.6963815086544626
296,2,0.7369439308410987
296,3,0.7595893340938258
296,4,0.7859390517524913
296,5,0.7208683865875907
296,6,0.5964249962570786
296,7,0.5759298384277485
296,8,0.5530967074102393
296,9,0.5738749577765211
296,10,0.650100211165236
297,2,0.3301457535887802
297,3,0.8032948376136663
297,4,0.5603058403623674
297,5,0.7640748887565729
297,6,0.8315086738565768
297,7,0.8416946286187968
297,8,0.6645219843443593
297,9,0.6301853220139633
297,10,0.7105186014284192
298,2,0.06284858553158974
298,3,0.39976470060633007
298,4,0.41606874433629576
298,5,0.5644739914107191
298,6,0.6355249949150652
298,7,0.661089749096406
298,8,0.5283894070840325
298,9,0.4862787419610607
298,10,0.5290083556676651
299,2,0.22444941185092895
299,3,0.648346653535851
299,4,0.6452837719408798
299,5,0.6083095810035737
299,6,0.6169017170942446
299,7,0.6311019614687384
299,8,0.39831123258906564
299,9,0.44292115978801333
299,10,0.5625508148043409
300,2,0.9599960816486464
300,3,0.9307001283330957
300,4,0.9021577568335053
300,5,0.8356141772620271
300,6,0.8201056721925583
300,7,0.8179811323359433
300,8,0.5513796575488349
300,9,0.5542729845145788
300,10,0.6314701576091637
301,2,0.28441921184364993
301,3,0.37691088603625555
301,4,0.4875116077356782
301,5,0.7371460358427077
301,6,0.7471743520160032
301,7,0.745759487650994
301,8,0.5571842670002958
301,9,0.5549514624723332
301,10,0.6945148917440422
302,2,0.07344715387708843
302,3,0.5028131017060966
302,4,0.5535053449656575
302,5,0.7206731223468335
302,6,0.8045123554071647
302,7,0.8030668803955271
302,8,0.703992929599388
302,9,0.6627214249064971
302,10,0.7464685748195874
303,2,0.3543852647240511
303,3,0.7839421624953973
303,4,0.7733708524607892
303,5,0.729263592835976
303,6,0.7416395734107727
303,7,0.7386771078506852
303,8,0.6214310117407913
303,9,0.5431324697603983
303,10,0.6201350331518517
304,2,0.13568646235723344
304,3,0.5412589446102518
304,4,0.6775649703387335
304,5,0.9306108456553169
304,6,0.9328424375658956
304,7,0.9304758566672698
304,8,0.8460006585437304
304,9,0.817076503530591
304,10,0.7324561697787857
305,2,0.18769508480312888
305,3,0.6981902082538373
305,4,0.6291396371165504
305,5,0.6061619610973419
305,6,0.6011976666253444
305,7,0.6207591479155911
305,8,0.4353723621991444
305,9,0.4821722578069019
305,10,0.5936583124182544
306,2,0.4575307964287444
306,3,0.3264730895777429
306,4,0.5502482825809535
306,5,0.6001152483560467
306,6,0.6225005783544375
306,7,0.4719989210705922
306,8,0.4029156616151585
306,9,0.4189498978069933
306,10,0.5115112674584654
307,2,0.3301457535887802
307,3,0.7347551641043782
307,4,0.7415139912283654
307,5,0.7167159850186438
307,6,0.7384378837738795
307,7,0.7278928722483713
307,8,0.6179591946412923
307,9,0.6463674283352486
307,10,0.6696964176062943
308,2,0.5138096559663675
308,3,0.5643909847873373
308,4,0.6232438237148702
308,5,0.7292947513032247
308,6,0.8080708838097654
308,7,0.8270209284707827
308,8,0.648234149302513
308,9,0.6227804804677612
308,10,0.6284370979236333
309,2,0.3301457535887802
309,3,0.7760618126210237
309,4,0.7891046533921284
309,5,0.7067237408104668
309,6,0.7626519672072547
309,7,0.767553909352779
309,8,0.6358245657768795
309,9,0.6103063946718256
309,10,0.7719931940419028
310,2,0.7720997823854144
310,3,0.7909321900554138
310,4,0.5375668991010474
310,5,0.7474643597041456
310,6,0.8133885160713764
310,7,0.6080020858846356
310,8,0.5907666514301179
310,9,0.6341037277292704
310,10,0.7151290844907524
311,2,0.6044304959881046
311,3,0.6489381766451339
311,4,0.7421213811686259
311,5,0.6910240472094457
311,6,0.7675262221860775
311,7,0.5649085854936873
311,8,0.5314121887254603
311,9,0.48299473042847024
311,10,0.5991268822578386
312,2,0.30705761597864345
312,3,0.771126861933359
312,4,0.778203778824608
312,5,0.7019618512108493
312,6,0.7171014479873264
312,7,0.7551900480563574
312,8,0.5533165975476939
312,9,0.5549800806047576
312,10,0.5651446582965011
313,2,0.8448387581811067
313,3,0.8217963119584561
313,4,0.574480612578346
313,5,0.7805920822854533
313,6,0.8633126312715579
313,7,0.8775576653924352
313,8,0.6213629381251349
313,9,0.6170367709999843
313,10,0.6986573085138846
314,2,0.30720953278116936
314,3,0.7975173618091895
314,4,0.7975905041473954
314,5,0.733651703440269
314,6,0.7988945974083134
314,7,0.8150751716314105
314,8,0.6325176554678213
314,9,0.7362922522158191
314,10,0.6414247280769803
315,2,0.06284858553158974
315,3,0.42765259119200544
315,4,0.6232795771365713
315,5,0.7751413209474783
315,6,0.8298746795671086
315,7,0.6340476206865694
315,8,0.6063508372341992
315,9,0.6543701676428859
315,10,0.7563256867185193
316,2,0.5138096559663675
316,3,0.5401459740154397
316,4,0.6018051580148343
316,5,0.7101679133112996
316,6,0.7878467926847526
316,7,0.8076449236721229
316,8,0.6467005614257674
316,9,0.6983473088923557
316,10,0.7320431575877838
317,2,0.3538998750383622
317,3,0.8484838207955956
317,4,0.8834874300670251
317,5,0.889080129186917
317,6,0.8546745112435408
317,7,0.906364089209486
317,8,0.6505913134414539
317,9,0.6792457759582923
317,10,0.7409426302326907
318,2,0.8080650161849864
318,3,0.8164175907671767
318,4,0.8403228703818885
318,5,0.7733864972942103
318,6,0.8554522604321977
318,7,0.8693972422024688
318,8,0.6936592366235724
318,9,0.6622296367518355
318,10,0.7453507924462704
319,2,0.4573948788216151
319,3,0.5031872838645298
319,4,0.5620230748954059
319,5,0.656809374072072
319,6,0.7182169800259407
319,7,0.7363043307396054
319,8,0.6164752587551396
319,9,0.5970162590056624
319,10,0.696701898264343
320,2,0.06284858553158974
320,3,0.45676057812396736
320,4,0.5681332128220985
320,5,0.7572745823406576
320,6,0.8245866601698763
320,7,0.6044812374629893
320,8,0.6209277198893914
320,9,0.6169402161267938
320,10,0.615084946770368
321,2,0.8448387581811067
321,3,0.8217963119584561
321,4,0.574480612578346
321,5,0.7805920822854533
321,6,0.8369519637598103
321,7,0.850284822160281
321,8,0.6739828548379984
321,9,0.6535220879668922
321,10,0.7344399423206165
322,2,0.5139162456110302
322,3,0.5371755714464883
322,4,0.6369462640354338
322,5,0.7581038327887558
322,6,0.8039543835321682
322,7,0.8565685102683908
322,8,0.6234147857901059
322,9,0.6698482490152285
322,10,0.7519165920446866
323,2,0.6364434029289197
323,3,0.640081540715694
323,4,0.6242364925166981
323,5,0.6809040407540334
323,6,0.7411463219084464
323,7,0.7720693392505563
323,8,0.6042177022924384
323,9,0.5702844868702327
323,10,0.6472333204163716
324,2,0.4850885562017733
324,3,0.3140536848072856
324,4,0.5139364392466197
324,5,0.6120528618452467
324,6,0.6701800241092115
324,7,0.7204037223945553
324,8,0.5245716597621116
324,9,0.5385778600232006
324,10,0.6325889681259
325,2,0.6045048763898703
325,3,0.4152535630284351
325,4,0.6069107536286439
325,5,0.7061810868388022
325,6,0.7578650274527298
325,7,0.8244813602105678
325,8,0.5895219405759491
325,9,0.6278584622431553
325,10,0.6516578849326734
326,2,0.20566239864236086
326,3,0.6230926328722998
326,4,0.5889499216319045
326,5,0.563288535907969
326,6,0.5576418411960403
326,7,0.5759653600337087
326,8,0.3680834130537892
326,9,0.42657837913652996
326,10,0.5313668040119466
327,2,0.08353341175333151
327,3,0.485364104832846
327,4,0.3692503761624061
327,5,0.4044789486878884
327,6,0.4426026905380241
327,7,0.45267737905483996
327,8,0.44292856227223615
327,9,0.3862462689674022
327,10,0.4431316305504447
328,2,0.22291854230034322
328,3,0.6042226814058628
328,4,0.5044524853321712
328,5,0.623215722458789
328,6,0.6797631011517795
328,7,0.708856592781986
328,8,0.5896193451213989
328,9,0.5517018491543322
328,10,0.5782509784985361
329,2,0.6691414645181857
329,3,0.6462513282202397
329,4,0.5449939442430743
329,5,0.6610974896336301
329,6,0.7110336839021615
329,7,0.7413468901926664
329,8,0.4954892979368229
329,9,0.4645998303569904
329,10,0.5344989725192435
330,2,0.06284858553158974
330,3,0.4606857307463448
330,4,0.5591415450278117
330,5,0.6864959307515691
330,6,0.5877589719278915
330,7,0.5953797713687274
330,8,0.6735965696684151
330,9,0.7024199529599944
330,10,0.6993940122895581
331,2,0.7720997823854144
331,3,0.7909321900554138
331,4,0.8171880560454694
331,5,0.8269650015315906
331,6,0.7885100610779984
331,7,0.8001725536337801
331,8,0.5624154171214655
331,9,0.6349928278560228
331,10,0.7167330785286384
332,2,0.06284858553158974
332,3,0.3021499807801848
332,4,0.658787634165361
332,5,0.7712136426986925
332,6,0.852762115959658
332,7,0.8705526201419874
332,8,0.8005773982824848
332,9,0.8503055052100005
332,10,0.6776573445860224
333,2,0.4305660659786613
333,3,0.4825655385703017
333,4,0.5518674755144084
333,5,0.669768352497472
333,6,0.7388511813498291
333,7,0.7360472649664022
333,8,0.6301125289373044
333,9,0.5756510244730032
333,10,0.6507760532150776
334,2,0.4851933910944513
334,3,0.5669035459739494
334,4,0.7099507325599367
334,5,0.8288511113219593
334,6,0.8850810453192193
334,7,0.8939281726623033
334,8,0.6368673267864517
334,9,0.6648824120165366
334,10,0.7401983939537081
335,2,0.8080650161849864
335,3,0.7975173618091895
335,4,0.8180941846628752
335,5,0.7564182277320236
335,6,0.8115401040185135
335,7,0.8240297414521489
335,8,0.6567316084021122
335,9,0.6194360099962996
335,10,0.6979953777311544
336,2,0.13568646235723344
336,3,0.5017048892251939
336,4,0.603437774029466
336,5,0.7153041129971573
336,6,0.7795249263393207
336,7,0.7951110553144838
336,8,0.612062606070733
336,9,0.5762445120616178
336,10,0.6514528541027201
337,2,0.06284858553158974
337,3,0.48709132553176115
337,4,0.6727315336669997
337,5,0.7942450441312858
337,6,0.8630433017917907
337,7,0.8772539319902574
337,8,0.7165202474353075
337,9,0.9266049161775385
337,10,0.8284029226857039
338,2,0.3301457535887802
338,3,0.8032948376136663
338,4,0.7985875952599698
338,5,0.7831179702835447
338,6,0.8109299322682796
338,7,0.8277176525183553
338,8,0.6279119415492755
338,9,0.5859175319454306
338,10,0.6618625277161863
339,2,0.06284858553158974
339,3,0.40026754852023916
339,4,0.5630703421760197
339,5,0.7351691544715792
339,6,0.8017825764161185
339,7,0.7979124597394645
339,8,0.6978278445052908
339,9,0.6492757552046431
339,10,0.6639919056971708
340,2,0.8080650161849864
340,3,0.7975173618091895
340,4,0.8180941846628752
340,5,0.8002128334475949
340,6,0.8246927944614959
340,7,0.816626893961019
340,8,0.638053854510147
340,9,0.5940733513017011
340,10,0.6722465502746613
341,2,1.0
341,3,0.7455199198625324
341,4,0.7034668450255991
341,5,0.7726214313275325
341,6,0.8564958233048826
341,7,0.851686947686928
341,8,0.6842709529276694
341,9,0.7416469005033759
341,10,0.6474980219810594
342,2,0.07344715387708843
342,3,0.4725828959411656
342,4,0.6167455035293133
342,5,0.6703040044532889
342,6,0.7471824226900974
342,7,0.5724894422947453
342,8,0.7399283299141589
342,9,0.7276006429185512
342,10,0.7027738687635102
343,2,0.7026542224128787
343,3,0.6798198390026112
343,4,0.5778771345610468
343,5,0.7010506479279361
343,6,0.764021024534901
343,7,0.7921179298285523
343,8,0.6826652878045495
343,9,0.6844092675989323
343,10,0.584539728335192
344,2,0.30720953278116936
344,3,0.745090857689654
344,4,0.7588683374438704
344,5,0.68831040282764
344,6,0.740325861862049
344,7,0.681550882089106
344,8,0.621896057975786
344,9,0.6508631828094981
344,10,0.6497249437150155
345,2,0.2631919632692772
345,3,0.47012780839463075
345,4,0.655517038650751
345,5,0.5683450516927127
345,6,0.6187725859722949
345,7,0.6158227939373837
345,8,0.4925338580141537
345,9,0.4482096691960921
345,10,0.4650569836577244
346,2,0.3306803594351733
346,3,0.8694349525399027
346,4,0.8746924014889884
346,5,0.8815967637119397
346,6,0.6636375108782261
346,7,0.6761431735324128
346,8,0.6588349479004523
346,9,0.6506625611003931
346,10,0.7383336091345358
347,2,0.9208006335949313
347,3,0.9153053276981957
347,4,0.924427371774624
347,5,0.9340623451894795
347,6,0.9330018493704388
347,7,0.9342445596569682
347,8,0.6857160001854746
347,9,0.6128949253791587
347,10,0.6981753326930992
348,2,0.07344715387708843
348,3,0.5028131017060966
348,4,0.6905935167546616
348,5,0.8458153425371729
348,6,0.914202516726176
348,7,0.9112308049234705
348,8,0.7240932840989571
348,9,0.6604911864883766
348,10,0.7493823353096293
349,2,0.3301457535887802
349,3,0.7404747363321166
349,4,0.7689850361486297
349,5,0.6898578482871841
349,6,0.7684644955381991
349,7,0.7796389230373652
349,8,0.6253162214362575
349,9,0.6403945658296385
349,10,0.6738703206744192
350,2,0.8824145678101706
350,3,0.8631406017769949
350,4,0.8604073658166945
350,5,0.8262681486240612
350,6,0.8463248277516833
350,7,0.8123203898975163
350,8,0.6392711280658786
350,9,0.5736814474483336
350,10,0.6529300503824715
351,2,0.06284858553158974
351,3,0.45676057812396736
351,4,0.6369462640354338
351,5,0.8045953870578753
351,6,0.841094569132133
351,7,0.8682363003977701
351,8,0.6685279531360164
351,9,0.6350145464108999
351,10,0.721257416242077
352,2,0.3301457535887802
352,3,0.7245388673297742
352,4,0.7440803967852239
352,5,0.677037930348165
352,6,0.7551727386130656
352,7,0.7659108286802927
352,8,0.6767333170540567
352,9,0.6331282575650998
352,10,0.71378056509991
353,2,0.7369439308410987
353,3,0.7595893340938258
353,4,0.7972234284679321
353,5,0.7341150896597948
353,6,0.6091770622936292
353,7,0.6014704500034739
353,8,0.5499768481458864
353,9,0.6581226935573622
353,10,0.7235688824430538
354,2,0.3538998750383622
354,3,0.8341749339290753
354,4,0.8616775848278324
354,5,0.8813068125105408
354,6,0.8471837924366338
354,7,0.8987795631117902
354,8,0.6327253170797293
354,9,0.6606883427799718
354,10,0.8187500452672215
355,2,0.3783644842654133
355,3,0.43925204236133
355,4,0.5569041301663451
355,5,0.6395502266464484
355,6,0.6069965441679587
355,7,0.6172318054134271
355,8,0.600131249889147
355,9,0.6036839974764143
355,10,0.6055403203370295
356,2,0.5431645430176624
356,3,0.5967688669898681
356,4,0.5848484696663777
356,5,0.6606767948951083
356,6,0.6843106926681866
356,7,0.7579593951455068
356,8,0.6206043468544967
356,9,0.6016822515676342
356,10,0.528947628307072
357,2,0.43006646348180516
357,3,0.4105492272939783
357,4,0.5473860626262864
357,5,0.6853499559420309
357,6,0.7361667503451591
357,7,0.516924726765976
357,8,0.5894223975071177
357,9,0.5811918067111248
357,10,0.5494245583435737
358,2,0.8448338943900694
358,3,0.8556580641253997
358,4,0.856583745185268
358,5,0.7772292137720235
358,6,0.812087938561857
358,7,0.6462886492699796
358,8,0.6192781122240204
358,9,0.6201735180372818
358,10,0.7237925254321256
359,2,0.45727589503222427
359,3,0.5212713684712973
359,4,0.6127829606760794
359,5,0.7244504694129298
359,6,0.7684244244206015
359,7,0.7929314923972447
359,8,0.5658277709449188
359,9,0.6075007903808193
359,10,0.6986680822971326
360,2,0.06284858553158974
360,3,0.4571433111861875
360,4,0.6062780648900027
360,5,0.7301778584664921
360,6,0.7846173378513134
360,7,0.7892064219062188
360,8,0.6159502187114684
360,9,0.6452781465221812
360,10,0.6684937917928281
361,2,0.9208006335949313
361,3,0.6999986053654175
361,4,0.682077253312797
361,5,0.7498994613586816
361,6,0.7905867657719607
361,7,0.8055564820064703
361,8,0.6007913605605051
361,9,0.6833050746784453
361,10,0.6849084417988863
362,2,0.6691414645181857
362,3,0.6511878602149579
362,4,0.4510758603759098
362,5,0.6131733639057698
362,6,0.6729431435390791
362,7,0.6863556373679349
362,8,0.6358190525455122
362,9,0.564212423355245
362,10,0.6396895787139689
363,2,0.7720997823854144
363,3,0.7909321900554138
363,4,0.7964167186256241
363,5,0.7244504694129298
363,6,0.7684244244206015
363,7,0.6110834664641333
363,8,0.5985995881102877
363,9,0.6420601052520469
363,10,0.7379573920611496
364,2,0.8080650161849864
364,3,0.7975173618091895
364,4,0.8299477118134283
364,5,0.7712473787157539
364,6,0.8380043371466178
364,7,0.6393928712132209
364,8,0.8026976084225048
364,9,0.8354494322722681
364,10,0.8181709788959103
365,2,0.06284858553158974
365,3,0.42765259119200544
365,4,0.6136083132151746
365,5,0.7312189483596256
365,6,0.7961505458743756
365,7,0.8122073294560621
365,8,0.6332664726414376
365,9,0.6048619324094773
365,10,0.6824362768367859
366,2,0.5139162456110302
366,3,0.5231291555418698
366,4,0.8107219719135369
366,5,0.7486268087206547
366,6,0.6713864527051071
366,7,0.7351188244281213
366,8,0.5185981473238656
366,9,0.5182986749671012
366,10,0.5726861390815062
367,2,0.07344715387708843
367,3,0.47706879629282
367,4,0.6106957915781294
367,5,0.6960028185124533
367,6,0.749900421843926
367,7,0.6472881497063123
367,8,0.6032213500112448
367,9,0.6298256080633411
367,10,0.6251131476681583
368,2,0.3543852647240511
368,3,0.8436152283344743
368,4,0.8449402860882321
368,5,0.7436557143237137
368,6,0.8076643825670503
368,7,0.8006230207858633
368,8,0.7042605303415254
368,9,0.6495017353865642
368,10,0.6551316411792527
369,2,0.6363636363636364
369,3,0.6938585116741431
369,4,0.5762551489339104
369,5,0.7059501883939431
369,6,0.7687488394381736
369,7,0.8045400086576795
369,8,0.5813742439446451
369,9,0.6056980153551514
369,10,0.6148006372763919
370,2,0.3538998750383622
370,3,0.7063690588699236
370,4,0.7233969788482737
370,5,0.660449646395108
370,6,0.7115003488321839
370,7,0.7207505363800315
370,8,0.5872334528751748
370,9,0.5402948709180285
370,10,0.6141310044258709
371,2,0.3301457535887802
371,3,0.7500224885071892
371,4,0.7457580816885044
371,5,0.6536751464572883
371,6,0.6810440111094401
371,7,0.6923770539658651
371,8,0.5706651537861419
371,9,0.521423576433962
371,10,0.5930358277134323
372,2,0.06284858553158974
372,3,0.29391578071549246
372,4,0.6352679570005658
372,5,0.7443145002499258
372,6,0.8240543159649213
372,7,0.8409046800230917
372,8,0.6534084327440056
372,9,0.6965470098102611
372,10,0.7879920109293929
373,2,0.3538998750383622
373,3,0.8341749339290753
373,4,0.8616775848278324
373,5,0.8813068125105408
373,6,0.8471837924366338
373,7,0.8987795631117902
373,8,0.694990139645584
373,9,0.9010019799604008
373,10,0.8848300611592089
374,2,0.06284858553158974
374,3,0.4571433111861875
374,4,0.6062780648900027
374,5,0.7301778584664921
374,6,0.8110736188336528
374,7,0.762121342143654
374,8,0.6551995019088075
374,9,0.6175582651448194
374,10,0.7030391267297561
375,2,0.3301457535887802
375,3,0.7500224885071892
375,4,0.7589767467338611
375,5,0.6952363539092328
375,6,0.7477053735583644
375,7,0.7541423166840526
375,8,0.5492964447368291
375,9,0.5781971835177016
375,10,0.733221279756088
376,2,0.8824200963560147
376,3,0.8530765787902795
376,4,0.8835389097878159
376,5,0.9019897785988756
376,6,0.861834837195473
376,7,0.9177023934776181
376,8,0.7168115932793138
376,9,0.7095413284548571
376,10,0.9147452812504506
377,2,0.9208006335949313
377,3,0.7044833738898715
377,4,0.6524352530277464
377,5,0.7145927779270924
377,6,0.7616817573080796
377,7,0.7599546066217281
377,8,0.4998970230749396
377,9,0.4943327987718884
377,10,0.6428108796952733
378,2,0.06284858553158974
378,3,0.49934318708561604
378,4,0.6912499391162328
378,5,0.8643151932690538
378,6,0.9249508659261525
378,7,0.8498855994703894
378,8,0.6749090948259225
378,9,0.6157190323882868
378,10,0.701848590043949
379,2,0.6045048763898703
379,3,0.4152535630284351
379,4,0.5806031138240512
379,5,0.6765822479589435
379,6,0.7267107158011358
379,7,0.7398725353263037
379,8,0.4736705545499223
379,9,0.4898181728641731
379,10,0.5651437284689671
380,2,0.06284858553158974
380,3,0.4606857307463448
380,4,0.5169492299124465
380,5,0.6373439333427893
380,6,0.6983445197678377
380,7,0.7071511171024975
380,8,0.5203171281105337
380,9,0.5018671815304392
380,10,0.5733700148932649
381,2,0.5138096559663675
381,3,0.5643909847873373
381,4,0.6672695285357356
381,5,0.9213581895313265
381,6,0.9192266939549294
381,7,0.920335500387375
381,8,0.6793403312760763
381,9,0.6767953505489301
381,10,0.7759441033002613
382,2,0.8080650161849864
382,3,0.8164175907671767
382,4,0.8403228703818885
382,5,0.7733864972942103
382,6,0.8554522604321977
382,7,0.8693972422024688
382,8,0.6342729277857251
382,9,0.6651129548279527
382,10,0.7517421161005
383,2,0.8448387581811067
383,3,0.8217963119584561
383,4,0.8203285163581365
383,5,0.8345330277730104
383,6,0.7851317109510441
383,7,0.7991465209742845
383,8,0.5449189350366616
383,9,0.6131652429400072
383,10,0.6936048339690222
384,2,0.4851933910944513
384,3,0.5412589446102518
384,4,0.635523718987891
384,5,0.7505359393328385
384,6,0.8165695186617113
384,7,0.8332585465171924
384,8,0.5872238679352756
384,9,0.6301853220139633
384,10,0.7674601923380104
385,2,0.9208031161549398
385,3,0.8822358190986842
385,4,0.8762559082732321
385,5,0.8762371389284923
385,6,0.8778038256749786
385,7,0.8733655666956776
385,8,0.6748451067156038
385,9,0.6690756234373644
385,10,0.6741023430281088
386,2,0.07344715387708843
386,3,0.5151080382431881
386,4,0.5435227095187742
386,5,0.7150012954486571
386,6,0.7778460776633572
386,7,0.7695111758696958
386,8,0.7286165304170906
386,9,0.6430728722992334
386,10,0.6220051174691789
387,2,0.06284858553158974
387,3,0.3113604350433447
387,4,0.6369462640354338
387,5,0.7581038327887558
387,6,0.8131137717183545
387,7,0.8308942453996856
387,8,0.6529935986664728
387,9,0.6161434546745952
387,10,0.7011237337489235
388,2,0.12402048831758941
388,3,0.5535578840354667
388,4,0.5600728312474144
388,5,0.5849915236142589
388,6,0.6144420170434852
388,7,0.6723117640660815
388,8,0.48015357881694515
388,9,0.47286069498722977
388,10,0.5746004437667751
389,2,0.30720953278116936
389,3,0.8504557053938104
389,4,0.8854878679500608
389,5,0.8269237239514212
389,6,0.8017566824123081
389,7,0.6721891734508626
389,8,0.6173545830159459
389,9,0.6466362530938192
389,10,0.662209860507144
390,2,0.2426467888223846
390,3,0.6561603011241431
390,4,0.7213064626223195
390,5,0.6709937911520126
390,6,0.7397014980294713
390,7,0.7546985692501526
390,8,0.529656437927757
390,9,0.5530621614694093
390,10,0.5805073356674357
391,2,0.4853143013999451
391,3,0.2883578337225244
391,4,0.4763498072320071
391,5,0.6335089885383192
391,6,0.6827309915614616
391,7,0.6896885686721781
391,8,0.5333170876916932
391,9,0.496356907100645
391,10,0.5670324427480916
392,2,0.06284858553158974
392,3,0.2883578337225244
392,4,0.6495613199072019
392,5,0.7805920822854533
392,6,0.8633126312715579
392,7,0.8775576653924352
392,8,0.6779852758312298
392,9,0.631382289439769
392,10,0.7140078291544444
393,2,0.3538998750383622
393,3,0.795811085477005
393,4,0.5475126792149363
393,5,0.7538849254992729
393,6,0.8087359839338226
393,7,0.596401994851729
393,8,0.5693266000786043
393,9,0.6029095297917481
393,10,0.6814896381319431
394,2,0.4851933910944513
394,3,0.5167448983248091
394,4,0.6970168818173528
394,5,0.6667677587083815
394,6,0.6695773883037593
394,7,0.6892926901013045
394,8,0.4207596850426371
394,9,0.4745114485900401
394,10,0.5522214468481043
395,2,0.06284858553158974
395,3,0.32468942707656057
395,4,0.640993698724813
395,5,0.7556795992067292
395,6,0.8100305666800612
395,7,0.8265134636747664
395,8,0.5460870286731613
395,9,0.6094212682236975
395,10,0.7013396821129266
396,2,0.5139162456110302
396,3,0.4189630142642143
396,4,0.7018953194885695
396,5,0.681813334599907
396,6,0.6851209652596802
396,7,0.7347806238515217
396,8,0.45154398932242973
396,9,0.4799140872242761
396,10,0.5515856944126504
397,2,0.2850914727680806
397,3,0.7638558283815322
397,4,0.789275280950868
397,5,0.7051434031033812
397,6,0.7670127568365522
397,7,0.7781722472837352
397,8,0.6849420023716023
397,9,0.6360689085245693
397,10,0.6571023175153713
398,2,0.378909408604649
398,3,0.8962785480763087
398,4,0.8923986716065966
398,5,0.8707605545547114
398,6,0.8888277906615344
398,7,0.8850075125427616
398,8,0.6289405561879401
398,9,0.6198956145345774
398,10,0.6296138128588886
399,2,0.06284858553158974
399,3,0.21936168869141714
399,4,0.4931593459702693
399,5,0.6112962559308563
399,6,0.6502030980866501
399,7,0.6977479033828564
399,8,0.5794835399486212
399,9,0.5559002047581904
399,10,0.5703925587261548
400,2,0.543336255159078
400,3,0.344521005706523
400,4,0.70823467654436
400,5,0.860011473807053
400,6,0.9235900346771067
400,7,0.9248317986779834
400,8,0.8107857146372635
400,9,0.8102653052653752
400,10,0.6321045123507771
401,2,0.7720997823854144
401,3,0.7909321900554138
401,4,0.8171880560454694
401,5,0.7474643597041456
401,6,0.8277432456043474
401,7,0.8407298168598669
401,8,0.6103706441759805
401,9,0.625342858004039
401,10,0.7212468530541937
402,2,0.06284858553158974
402,3,0.2375760713015853
402,4,0.28957412503681634
402,5,0.3606644247656186
402,6,0.44877002418876366
402,7,0.44144106493096796
402,8,0.4351838538805133
402,9,0.34684273195194326
402,10,0.4060069173877975
403,2,0.3538998750383622
403,3,0.7695674704241502
403,4,0.7689850361486297
403,5,0.6966695161348484
403,6,0.7611541604020311
403,7,0.7610042649070572
403,8,0.5956549601959683
403,9,0.6403126893882293
403,10,0.7394673853003699
404,2,0.9208006335949313
404,3,0.8892312592144657
404,4,0.8811227821949973
404,5,0.8940377141933213
404,6,0.8066210220217397
404,7,0.9040410159612797
404,8,0.6650974914968123
404,9,0.6668000432167288
404,10,0.7496615258316203
405,2,0.45727589503222427
405,3,0.5179030661678041
405,4,0.6633242680005222
405,5,0.7505031901524365
405,6,0.804195290357673
405,7,0.6653995194656566
405,8,0.782776166136365
405,9,0.7670570885335414
405,10,0.7561959695891789
406,2,0.30720953278116936
406,3,0.7975173618091895
406,4,0.7975905041473954
406,5,0.8154779859988762
406,6,0.7500182499003735
406,7,0.7917950345163468
406,8,0.6496098575390855
406,9,0.8269664461306521
406,10,0.8184726312582512
407,2,0.3538998750383622
407,3,0.7695674704241502
407,4,0.7689850361486297
407,5,0.6689369196642552
407,6,0.6971466435582839
407,7,0.6986951472407271
407,8,0.5907657394583591
407,9,0.5443081508655279
407,10,0.6179623756471768
408,2,0.9208006335949313
408,3,0.9161377954042267
408,4,0.9018806264354415
408,5,0.9086369785648384
408,6,0.8179850086074694
408,7,0.9092285573478642
408,8,0.728263774541855
408,9,0.6710590376894543
408,10,0.7581547809401983
409,2,0.2850914727680806
409,3,0.828450736783107
409,4,0.8388930184548811
409,5,0.8289661430705942
409,6,0.8420859283224715
409,7,0.8499503796678645
409,8,0.6764558087979886
409,9,0.6404309304086268
409,10,0.7321025057328893
410,2,0.06284858553158974
410,3,0.42765259119200544
410,4,0.49547189703735023
410,5,0.608576677144545
410,6,0.5292804410305768
410,7,0.5426192309526892
410,8,0.5315088191198942
410,9,0.5780548779666043
410,10,0.580810599045516
411,2,0.2850914727680806
411,3,0.8450015560195917
411,4,0.866718151727126
411,5,0.8875623986966417
411,6,0.8510492437800683
411,7,0.8648240683558543
411,8,0.7275266519938549
411,9,0.6907566868286937
411,10,0.6829874415982246
412,2,0.2631919632692772
412,3,0.6025524578688249
412,4,0.5001156298189611
412,5,0.6202722355618329
412,6,0.680845173364636
412,7,0.7199102305789516
412,8,0.5551693003585115
412,9,0.5338699289630268
412,10,0.5570553767918665
413,2,0.4853143013999451
413,3,0.490105705815761
413,4,0.6277526915777774
413,5,0.8118315366939581
413,6,0.8699200367267347
413,7,0.8722781980021582
413,8,0.6868756208668317
413,9,0.6145794816131303
413,10,0.624139339385695
414,2,0.4301646688632958
414,3,0.5221757357138418
414,4,0.46702678438734996
414,5,0.5606962287870826
414,6,0.6197295497855727
414,7,0.6680203448572355
414,8,0.5057423222884184
414,9,0.5397552569024098
414,10,0.6227709190672154
415,2,0.3301457535887802
415,3,0.7909321900554138
415,4,0.8171880560454694
415,5,0.7241171371499642
415,6,0.7812041829799979
415,7,0.7926302948103211
415,8,0.5532964690116347
415,9,0.595789743050954
415,10,0.6741035103297623
416,2,0.43006646348180516
416,3,0.49595339562888535
416,4,0.6099632725239182
416,5,0.7043701943240598
416,6,0.5928145365077789
416,7,0.5824280986683888
416,8,0.5346813711538555
416,9,0.5243453937505456
416,10,0.672596400653897
417,2,0.06284858553158974
417,3,0.45676057812396736
417,4,0.6633242680005222
417,5,0.787947555187526
417,6,0.8554607890419221
417,7,0.8653234371665379
417,8,0.6705996170200195
417,9,0.6242050947574388
417,10,0.7203858900282825
418,2,1.0
418,3,0.9579250519496808
418,4,0.9508573672313156
418,5,0.9200128907948937
418,6,0.9360246748428712
418,7,0.9337375586609059
418,8,0.8107289494292064
418,9,0.8017696496131776
418,10,0.694771475006937
419,2,0.6045048763898703
419,3,0.6655034289743998
419,4,0.6158785691352148
419,5,0.6995066826324936
419,6,0.7614612775283324
419,7,0.8234216807210971
419,8,0.6452887766499763
419,9,0.8558770475819033
419,10,0.8502285984549898
420,2,0.07344715387708843
420,3,0.47706879629282
420,4,0.5805907805309188
420,5,0.7589535811854642
420,6,0.8448733206734841
420,7,0.8392105151218682
420,8,0.6355085882020962
420,9,0.6289020996496334
420,10,0.6921320965947103
421,2,0.543336255159078
421,3,0.5453349974666759
421,4,0.6597941603182657
421,5,0.7241543862011459
421,6,0.7770946896957994
421,7,0.8614668686379364
421,8,0.7279537098861941
421,9,0.7314404557374085
421,10,0.733978946767233
422,2,0.07344715387708843
422,3,0.5067721434315428
422,4,0.5748169799326243
422,5,0.6424928410574186
422,6,0.7200491048189579
422,7,0.7479266239598283
422,8,0.5484179503504623
422,9,0.5350973622776956
422,10,0.5853070393893905
423,2,0.22444941185092895
423,3,0.6366804287716374
423,4,0.5929287347255121
423,5,0.5675407649298778
423,6,0.6151084840143842
423,7,0.635184791441925
423,8,0.4258672787446287
423,9,0.4671821191004675
423,10,0.5790340166509015
424,2,0.8080740404436667
424,3,0.8019126151650899
424,4,0.8030939588203677
424,5,0.8018516685574192
424,6,0.7621932371587575
424,7,0.7535434600534945
424,8,0.5901897539027544
424,9,0.64006681844704
424,10,0.7275784127692823
425,2,0.9599960816486464
425,3,0.9716577336909646
425,4,0.973830320024482
425,5,0.9525119662307315
425,6,0.8645674257658853
425,7,0.7009588420421009
425,8,0.7102695670305923
425,9,0.7050507020280812
425,10,0.7036007276971132
426,2,0.13568646235723344
426,3,0.5146029507637998
426,4,0.6707175738741812
426,5,0.8375786486515839
426,6,0.9058471114132761
426,7,0.9025458969449994
426,8,0.703992929599388
426,9,0.6374329661804965
426,10,0.7227203518863137
427,2,0.4304144935492726
427,3,0.8214842692413041
427,4,0.8116591427513274
427,5,0.7748484195180568
427,6,0.6715025224110238
427,7,0.7660021920721367
427,8,0.73473572313087
427,9,0.7322930034784413
427,10,0.767283848744158
428,2,0.8080650161849864
428,3,0.8164175907671767
428,4,0.5637370348934243
428,5,0.7733864972942103
428,6,0.8292421243187539
428,7,0.842290704865905
428,8,0.6637585753113877
428,9,0.6249529899753274
428,10,0.7051965802803313
429,2,0.20535185015953317
429,3,0.6094666638960281
429,4,0.685339069121328
429,5,0.6521220280686331
429,6,0.710671001980566
429,7,0.7315607872366401
429,8,0.5824240914183932
429,9,0.5255356010743972
429,10,0.5999339372685168
430,2,0.6363636363636364
430,3,0.6938585116741431
430,4,0.47031893616738796
430,5,0.4668549563862383
430,6,0.5235535441550635
430,7,0.5687298455346943
430,8,0.5537744420151826
430,9,0.5256877438990633
430,10,0.5109003474113705
431,2,1.0
431,3,0.9019464469991478
431,4,0.8863491390385766
431,5,0.8771704745049095
431,6,0.8981788182243301
431,7,0.8946215483219185
431,8,0.6633608371745473
431,9,0.6612762835918126
431,10,0.7073083167329095
432,2,0.9208006335949313
432,3,0.8966545902909666
432,4,0.9037205562082918
432,5,0.9073086097278805
432,6,0.8333293277324721
432,7,0.8871390547116406
432,8,0.6842104810437405
432,9,0.6782759524065058
432,10,0.8859098173474799
433,2,0.06284858553158974
433,3,0.18978516012007032
433,4,0.33383591326705736
433,5,0.49648183817490055
433,6,0.5358021465889494
433,7,0.5495156996393709
433,8,0.36675651375750307
433,9,0.3865615663339902
433,10,0.4523509790115291
434,2,0.22291854230034322
434,3,0.5956602528525213
434,4,0.49581916702394013
434,5,0.6154694725260977
434,6,0.5139221282927359
434,7,0.5293371894932848
434,8,0.4446736130647976
434,9,0.46074844219736494
434,10,0.5094506907428797
435,2,0.8824145678101706
435,3,0.8631406017769949
435,4,0.8702814580847439
435,5,0.8830127846315743
435,6,0.8152386712304127
435,7,0.8609475914437354
435,8,0.8483891948200102
435,9,0.8825163885424328
435,10,0.7707774253883061
436,2,0.5429927016951992
436,3,0.6105440320755475
436,4,0.5153834654493687
436,5,0.642269860276778
436,6,0.5955521404146794
436,7,0.5892381373792421
436,8,0.5178708328907353
436,9,0.5046267885493181
436,10,0.5617698453693223
437,2,0.4305660659786613
437,3,0.24562298836647528
437,4,0.5561317083173086
437,5,0.6699069650220155
437,6,0.7118069608562456
437,7,0.7468249203929775
437,8,0.6460613877122896
437,9,0.5940733513017011
437,10,0.5827307196184967
438,2,0.06284858553158974
438,3,0.4606857307463448
438,4,0.47771792940610375
438,5,0.6408482701052061
438,6,0.7021003430359686
438,7,0.6749704921466813
438,8,0.6184402797679005
438,9,0.6152302941595768
438,10,0.6022562915822968
439,2,0.8080650161849864
439,3,0.6249366327714119
439,4,0.48921354189915633
439,5,0.6902611124155061
439,6,0.7582865607804193
439,7,0.7493002638239745
439,8,0.46555113256749137
439,9,0.4834709718772852
439,10,0.629878869448183
440,2,0.1680123543681831
440,3,0.5381672592754281
440,4,0.6485694444756578
440,5,0.7627490695129192
440,6,0.8471106363031843
440,7,0.8461854214699756
440,8,0.6598777897111227
440,9,0.6150059697839747
440,10,0.6715520557096297
441,2,0.06284858553158974
441,3,0.2883578337225244
441,4,0.6972494375469307
441,5,0.8225499591816022
441,6,0.8810602669450851
441,7,0.8958686305902982
441,8,0.7214039806740686
441,9,0.6838403855714522
441,10,0.7690317812269032
442,2,0.3538998750383622
442,3,0.8217963119584561
442,4,0.8403941780149026
442,5,0.7454990071752846
442,6,0.8057013885481576
442,7,0.8179187861746158
442,8,0.6420239645625034
442,9,0.5890685624434978
442,10,0.6677307520681015
443,2,0.3301457535887802
443,3,0.7760618126210237
443,4,0.7891046533921284
443,5,0.6781612130870914
443,6,0.7134481607274775
443,7,0.7127467769556367
443,8,0.571573624326699
443,9,0.510524716116479
443,10,0.6323930052961562
444,2,0.7720997823854144
444,3,0.7652271314556697
444,4,0.7643709610304423
444,5,0.7562181806242703
444,6,0.7719780403485192
444,7,0.5757686692008734
444,8,0.5574925692148416
444,9,0.5946969497730344
444,10,0.6731606402181098
445,2,0.7720997823854144
445,3,0.7909321900554138
445,4,0.5375668991010474
445,5,0.7474643597041456
445,6,0.8277432456043474
445,7,0.8407298168598669
445,8,0.5995474826447833
445,9,0.6426113926410522
445,10,0.7059910773501687
446,2,0.6364434029289197
446,3,0.6875958184121769
446,4,0.6769912358308156
446,5,0.6944578876553238
446,6,0.7894036401548532
446,7,0.8262271981681474
446,8,0.6911443827727914
446,9,0.6747917421971689
446,10,0.7811698490814769
447,2,0.06284858553158974
447,3,0.39976470060633007
447,4,0.45352996063139633
447,5,0.6218213462237687
447,6,0.520427606739991
447,7,0.47794999979239244
447,8,0.5030745774499286
447,9,0.5234538504195385
447,10,0.6074541096554421
448,2,0.4042525710779961
448,3,0.8230859672903508
448,4,0.8293729515311025
448,5,0.828838849531584
448,6,0.7559977481220319
448,7,0.8030285999992248
448,8,0.6723342146484728
448,9,0.645495283501463
448,10,0.685973482205164
449,2,0.4851933910944513
449,3,0.5167448983248091
449,4,0.6136083132151746
449,5,0.718633984029103
449,6,0.796990679726865
449,7,0.8110009865637652
449,8,0.5619130242878467
449,9,0.6067754110095094
449,10,0.7235674001756471
450,2,0.8824145678101706
450,3,0.6641636683097205
450,4,0.6518096382024026
450,5,0.7959890476231627
450,6,0.8150525921737213
450,7,0.8175408360096584
450,8,0.5427050145073451
450,9,0.5585422200576114
450,10,0.7144340602284528
451,2,0.4305660659786613
451,3,0.45739108208515183
451,4,0.5746227858840222
451,5,0.7093706639697366
451,6,0.7889913145414824
451,7,0.8042264788631114
451,8,0.7134241368182238
451,9,0.7429273391881005
451,10,0.5853487673883311
452,2,0.9599960816486464
452,3,0.9507056047792313
452,4,0.9493643681124856
452,5,0.9306108456553169
452,6,0.9328424375658956
452,7,0.9304758566672698
452,8,0.6970895929043427
452,9,0.6696446845051122
452,10,0.8609622025164855
453,2,0.40386058650483714
453,3,0.7481443100394942
453,4,0.7798938337122528
453,5,0.7893615598524552
453,6,0.820932215590082
453,7,0.8237012507246322
453,8,0.6142439657971642
453,9,0.5774756728417697
453,10,0.748964952129036
454,2,0.12402048831758941
454,3,0.48753914421457206
454,4,0.44060278954902754
454,5,0.5563123566791809
454,6,0.5837705887178211
454,7,0.5675325456039222
454,8,0.6210501520477785
454,9,0.5068234059210591
454,10,0.5775548973692746
455,2,0.4851933910944513
455,3,0.5167448983248091
455,4,0.7585430235531132
455,5,0.7133234682702334
455,6,0.723622946034035
455,7,0.5293124792123535
455,8,0.5087378202953569
455,9,0.5022829487919818
455,10,0.6027672476371342
456,2,0.4305660659786613
456,3,0.4717990017996177
456,4,0.5841307585219604
456,5,0.766377030068435
456,6,0.8345001905755381
456,7,0.8319386089794785
456,8,0.748164814170063
456,9,0.7457864665958944
456,10,0.7387045614917594
457,2,0.6363978263200962
457,3,0.6721177032783499
457,4,0.7463732929945527
457,5,0.6670114747010034
457,6,0.7233862903440677
457,7,0.7405756548882858
457,8,0.6667685556149908
457,9,0.6851715126237625
457,10,0.6513284421967377
458,2,0.06284858553158974
458,3,0.45676057812396736
458,4,0.43604863800558125
458,5,0.5576943464235412
458,6,0.614189670041185
458,7,0.6248201634567083
458,8,0.5554811621640341
458,9,0.516347488578321
458,10,0.5503405899648778
459,2,0.06284858553158974
459,3,0.45676057812396736
459,4,0.6656042923864144
459,5,0.8475342809937491
459,6,0.9188897490479787
459,7,0.9160722965106421
459,8,0.6674727932285369
459,9,0.6615143960569039
459,10,0.7474881409757052
460,2,0.8080650161849864
460,3,0.8164175907671767
460,4,0.5637370348934243
460,5,0.7733864972942103
460,6,0.8292421243187539
460,7,0.8380196718826004
460,8,0.6637585753113877
460,9,0.6249529899753274
460,10,0.7051965802803313
461,2,0.9599960816486464
461,3,0.9241294960515124
461,4,0.9033760586016616
461,5,0.9146087815234629
461,6,0.8239828371664353
461,7,0.9194894144556619
461,8,0.7196693014385521
461,9,0.6762047711598177
461,10,0.6871057238705975
462,2,0.2850914727680806
462,3,0.7292521084482348
462,4,0.7345081926518854
462,5,0.6724783588667054
462,6,0.7138558871835987
462,7,0.7623871664946776
462,8,0.6080405238977479
462,9,0.6476763743303169
462,10,0.6673764566991867
463,2,0.8824145678101706
463,3,0.8891804467810407
463,4,0.8781554325344829
463,5,0.794113779980881
463,6,0.6688842482980056
463,7,0.6382817597654913
463,8,0.6370271576002543
463,9,0.6309767238607225
463,10,0.7220770827890605
464,2,0.06284858553158974
464,3,0.42765259119200544
464,4,0.4931593459702693
464,5,0.5641249393061719
464,6,0.6225854043482736
464,7,0.6604387384784648
464,8,0.4898522305386042
464,9,0.4837079720990962
464,10,0.4874469850139518
465,2,0.3301457535887802
465,3,0.8022457518437919
465,4,0.8356999844500873
465,5,0.7334928844597435
465,6,0.7628899453928359
465,7,0.7642216845549821
465,8,0.5731892517478793
465,9,0.5138690067980105
465,10,0.43427508035865336
466,2,0.4851933910944513
466,3,0.5412589446102518
466,4,0.6826499506455778
466,5,0.8005424025189666
466,6,0.8691489400225237
466,7,0.8796565611013626
466,8,0.6287163980233582
466,9,0.659994538715545
466,10,0.8570431469774578
467,2,0.8080650161849864
467,3,0.795811085477005
467,4,0.5475126792149363
467,5,0.7538849254992729
467,6,0.8087359839338226
467,7,0.8211074514260933
467,8,0.6420854315321722
467,9,0.6029095297917481
467,10,0.6814896381319431
468,2,0.06284858553158974
468,3,0.45676057812396736
468,4,0.5272336547532066
468,5,0.6800107594004248
468,6,0.7427358306614732
468,7,0.7196043172305248
468,8,0.5988223248514858
468,9,0.5657957739697749
468,10,0.5561612278693289
469,2,0.06284858553158974
469,3,0.45676057812396736
469,4,0.39077753507644497
469,5,0.5605146031136591
469,6,0.5833167849036357
469,7,0.6295087698852049
469,8,0.6031779981235438
469,9,0.6041674811368701
469,10,0.5559481996254964
470,2,0.9208031161549398
470,3,0.9150118862473254
470,4,0.9250442153185232
470,5,0.934460928006779
470,6,0.9331902004441226
470,7,0.865982079126989
470,8,0.6890594439845247
470,9,0.6266288290647433
470,10,0.7152292859041995
471,2,0.6691051698782006
471,3,0.6773632115951085
471,4,0.5848835914561175
471,5,0.6963815740262311
471,6,0.7258741833720462
471,7,0.7442527757930433
471,8,0.46851397661103594
471,9,0.48351471267940577
471,10,0.520767045551429
472,2,0.3301457535887802
472,3,0.7777234061513592
472,4,0.8074580412124568
472,5,0.7529814605641926
472,6,0.8187336124870007
472,7,0.6036845932749246
472,8,0.558465066696355
472,9,0.5795178036609098
472,10,0.6698948900443087
473,2,0.4851933910944513
473,3,0.3021499807801848
473,4,0.658787634165361
473,5,0.7712136426986925
473,6,0.8176083831507571
473,7,0.8436782093182524
473,8,0.6216402805916268
473,9,0.6505942144305552
473,10,0.6423364159713048
474,2,0.8080650161849864
474,3,0.8164175907671767
474,4,0.8403228703818885
474,5,0.7733864972942103
474,6,0.8554522604321977
474,7,0.8693972422024688
474,8,0.6936592366235724
474,9,0.6601694034450072
474,10,0.7478452228131304
475,2,0.3538998750383622
475,3,0.7695674704241502
475,4,0.7819528225197816
475,5,0.7129070585662147
475,6,0.7619577834810909
475,7,0.7610042649070572
475,8,0.6303638898577278
475,9,0.6595499593415673
475,10,0.6524386187870449
476,2,0.5139162456110302
476,3,0.5371755714464883
476,4,0.6887028787987641
476,5,0.8158938896600039
476,6,0.9032685155312931
476,7,0.9177023934776181
476,8,0.7168115932793138
476,9,0.7095413284548571
476,10,0.9147452812504506
477,2,0.13653905152508436
477,3,0.5938611869250846
477,4,0.6726445990976203
477,5,0.621125945527879
477,6,0.6751466999145577
477,7,0.6863608010364212
477,8,0.4255737878789367
477,9,0.44613651850338343
477,10,0.5131759543316174
478,2,0.06284858553158974
478,3,0.42765259119200544
478,4,0.6136083132151746
478,5,0.7312189483596256
478,6,0.8104557707252966
478,7,0.8269361663614689
478,8,0.5990666038368799
478,9,0.6443866743891536
478,10,0.7244534841529545
479,2,0.07344715387708843
479,3,0.4725828959411656
479,4,0.5895222902038385
479,5,0.7756754567323779
479,6,0.8624036620878159
479,7,0.8574024561038
479,8,0.6598599275445991
479,9,0.651811540744655
479,10,0.644380189906064
480,2,0.8824145678101706
480,3,0.8825745557759862
480,4,0.8569642584737586
480,5,0.8622845580875842
480,6,0.7837094261389388
480,7,0.8075052290027173
480,8,0.6718547915570788
480,9,0.6310331004011258
480,10,0.7697760639589457
481,2,0.3301457535887802
481,3,0.8032948376136663
481,4,0.8424596042132437
481,5,0.8324348142500771
481,6,0.8647751295510997
481,7,0.8756790386304615
481,8,0.6522876525075119
481,9,0.6217165217261927
481,10,0.8022733595644053
482,2,0.06284858553158974
482,3,0.25773127306981775
482,4,0.5563115423717793
482,5,0.7323453150393227
482,6,0.7864130890580541
482,7,0.7831925432943488
482,8,0.5904740736995647
482,9,0.6016933353136813
482,10,0.6731834691930435
483,2,0.30720953278116936
483,3,0.7200258210705205
483,4,0.7448608608092661
483,5,0.6710681567630205
483,6,0.7339743804066057
483,7,0.7439846375420067
483,8,0.6075903980828844
483,9,0.5837019770236488
483,10,0.5996566933924342
484,2,0.4851933910944513
484,3,0.5669035459739494
484,4,0.658787634165361
484,5,0.7712136426986925
484,6,0.8383974443459661
484,7,0.8557586338725003
484,8,0.632469030397838
484,9,0.6755902647913614
484,10,0.6700245563120883
485,2,0.07344715387708843
485,3,0.5028131017060966
485,4,0.6624513751742817
485,5,0.8035356524037304
485,6,0.8553037813993645
485,7,0.8611574052528372
485,8,0.6356876253891937
485,9,0.6359885492809859
485,10,0.6255028812801685
486,2,0.12402048831758941
486,3,0.46341355197792045
486,4,0.5868539631625309
486,5,0.601081920060374
486,6,0.623374032350204
486,7,0.652111769606469
486,8,0.508211171142573
486,9,0.43756089782723817
486,10,0.5450068554544263
487,2,0.06284858553158974
487,3,0.45676057812396736
487,4,0.48435012105921615
487,5,0.5761047939106365
487,6,0.5167603867140395
487,7,0.5453961986001807
487,8,0.6677807869859395
487,9,0.5434659399410031
487,10,0.6272504935615995
488,2,0.9599960816486464
488,3,0.9716577336909646
488,4,0.973830320024482
488,5,0.970726587923387
488,6,0.9686157038044254
488,7,0.9675152989816664
488,8,0.7356386631874396
488,9,0.8199857297778514
488,10,0.9261554655696501
489,2,0.3301457535887802
489,3,0.7167058493391517
489,4,0.7471150165861896
489,5,0.7531966690269837
489,6,0.7023927110692734
489,7,0.7113413562772797
489,8,0.6540085328895259
489,9,0.6278688799710385
489,10,0.6523733772689828
490,2,0.9599960816486464
490,3,0.9507056047792313
490,4,0.9493643681124856
490,5,0.8215652759834302
490,6,0.8194411649339909
490,7,0.850517338352998
490,8,0.7677484238857777
490,9,0.6530239416567394
490,10,0.7371218228122615
491,2,0.3783644842654133
491,3,0.6276987491373861
491,4,0.6655213506772039
491,5,0.6325916705565064
491,6,0.6602835259966114
491,7,0.6548632579952816
491,8,0.5292662858963941
491,9,0.5497084284675088
491,10,0.500694817775163
492,2,0.7026542224128787
492,3,0.6798198390026112
492,4,0.6091881831928417
492,5,0.733157264798478
492,6,0.7635758098722574
492,7,0.7904943711085614
492,8,0.7275980126240763
492,9,0.7105101047657463
492,10,0.610924626182484
493,2,0.3542033290818386
493,3,0.9150118862473254
493,4,0.9250442153185232
493,5,0.8600160442469489
493,6,0.8805426116570622
493,7,0.8804152776549788
493,8,0.7127011976375106
493,9,0.6586702654238503
493,10,0.641351208898139
494,2,0.9208006335949313
494,3,0.9161377954042267
494,4,0.9158310670001306
494,5,0.9242598970105611
494,6,0.9223526975770905
494,7,0.9196882882185776
494,8,0.6787427242068345
494,9,0.6762407637761834
494,10,0.764157264224265
495,2,0.8080650161849864
495,3,0.795811085477005
495,4,0.8167320419876318
495,5,0.8304951730279675
495,6,0.7942347146215842
495,7,0.8060970410691447
495,8,0.5618204714354127
495,9,0.6379857590318984
495,10,0.7200599919920192
496,2,0.8824145678101706
496,3,0.8631406017769949
496,4,0.8558553385848356
496,5,0.8657316620111764
496,6,0.7896981952136232
496,7,0.81233895456732
496,8,0.6710913502245881
496,9,0.6262858326833073
496,10,0.678369626397082
497,2,0.5139162456110302
497,3,0.44804434702024887
497,4,0.5516011058694342
497,5,0.8164176713574703
497,6,0.8228357167644665
497,7,0.8274917544292911
497,8,0.6244093705700139
497,9,0.5829783813652151
497,10,0.7279369352047683
498,2,0.22269935315540576
498,3,0.5923156628064138
498,4,0.6223389756883023
498,5,0.629652950961255
498,6,0.6294217644774361
498,7,0.6479288540482041
498,8,0.5594260258114045
498,9,0.5079082880541982
498,10,0.5789706229898994
499,2,0.6363978263200962
499,3,0.6929356268797244
499,4,0.60690658827526
499,5,0.740886829335571
499,6,0.7945991178302305
499,7,0.8243861450844926
499,8,0.5792019099391148
499,9,0.5946997985384629
499,10,0.6033780366102066
500,2,0.06139954853273138
500,3,0.44499028182943257
500,4,0.40644559414262404
500,5,0.5280705576922121
500,6,0.5835858961309286
500,7,0.5692853021185392
500,8,0.4409702513398011
500,9,0.4633882916390345
500,10,0.5291635430341084
